Varroa Mites observed               ,Hours of Sun   ,Wax Moth Observed             ,Total Honey Collected  (weight in g)        ,Swarm Attempt (Yes = 1; 0 = No),Queen Cells produced          ,"Survival (Yes = 1, 0 = No)"
89,2411,3,12356,0,0,1
39,2080,13,9949,1,4,0
34,2983,5,5842,0,1,0
83,516,8,5658,1,3,1
105,2942,14,11488,0,1,0
14,2910,0,9891,1,1,1
73,2947,14,7533,0,4,1
74,2340,5,12818,1,0,1
21,512,8,1844,0,3,1
85,3006,9,14597,0,6,0
6,2628,14,5901,1,6,0
6,2680,1,14918,1,4,0
22,1666,15,2939,1,4,0
67,1360,14,4192,1,2,0
50,1658,12,10771,1,5,1
23,2130,5,1615,0,5,0
87,2184,2,3764,0,5,1
74,908,12,4427,1,0,1
34,2659,6,10297,0,5,1
52,1076,7,1380,1,0,1
102,1713,1,8790,0,2,1
111,3149,10,12413,1,6,0
59,1995,10,3467,1,0,1
100,2371,5,3436,1,0,1
4,1362,4,1379,0,4,0
133,3102,6,11001,1,0,0
19,927,3,12043,0,6,1
79,967,9,7053,1,6,1
127,1759,7,11073,1,5,1
75,2752,12,1472,0,5,1
97,1837,5,12910,0,6,1
10,773,12,4941,1,5,1
102,863,6,2194,0,6,0
83,1717,15,9404,0,3,1
79,1436,9,4858,0,0,1
28,573,11,10814,1,1,1
88,2906,3,4458,1,2,0
110,1278,1,5676,0,6,1
124,763,1,4449,0,5,0
44,1387,1,11728,1,4,0
125,2394,6,10683,1,4,1
28,1160,8,4848,1,5,0
124,1234,15,13027,0,1,1
6,2366,3,3917,0,3,0
133,2980,15,13383,0,5,0
34,2165,10,2763,0,6,1
1,996,14,2353,0,2,1
5,1037,7,3581,0,6,0
125,2424,13,2526,0,5,0
32,2641,6,13448,0,6,1
100,1163,14,6860,0,2,1
132,3195,9,10997,1,1,0
39,2147,14,14809,1,2,1
106,2172,13,9082,1,5,0
120,2302,12,10569,0,5,0
114,2044,8,7491,1,2,0
18,1757,9,8768,1,1,1
56,1601,11,5217,0,4,0
8,1590,14,2662,1,0,0
2,1002,9,6219,1,4,0
89,1156,1,7738,1,0,0
80,1987,2,1919,0,1,1
83,3024,0,14422,1,0,1
69,992,5,6190,0,2,0
128,1414,11,9039,0,6,0
62,1789,2,7409,0,4,0
100,2299,4,9957,0,0,1
125,1612,1,4112,1,2,1
8,667,14,12012,0,0,0
3,1395,12,6815,0,5,1
66,1818,11,14034,1,1,1
107,2385,13,4796,0,5,0
40,2615,9,9956,1,3,1
38,3018,13,10616,1,5,0
70,3251,10,1399,0,6,0
116,687,13,4346,1,4,1
97,2848,3,6274,1,3,0
53,2262,3,5516,1,6,1
84,839,2,5895,1,3,1
18,2987,5,7803,0,5,0
36,728,8,9610,0,4,0
57,2659,15,7492,1,6,1
32,516,14,11505,0,6,1
100,2195,1,11085,0,0,0
76,2191,2,14021,0,3,0
41,1978,10,7276,1,4,1
47,2685,15,4935,0,4,0
65,955,10,8917,0,4,1
11,3092,15,11296,0,5,0
55,2523,6,9548,0,1,0
37,1799,2,7215,0,0,1
1,1612,0,3162,0,1,0
128,1259,2,6859,0,4,1
96,1462,3,5014,0,1,0
35,1168,0,11429,1,1,0
15,1906,11,10087,0,4,0
88,3368,3,9784,1,1,1
102,3313,15,9848,0,4,0
127,817,3,7596,0,6,1
72,1747,5,3121,0,5,0
132,1113,7,9581,0,3,1
37,1567,2,1917,0,1,0
3,2404,3,6449,0,2,0
40,2956,13,6615,0,6,0
22,1491,5,1969,1,4,0
72,897,3,8653,1,2,0
2,1401,3,7213,0,0,0
25,838,0,12150,1,4,0
74,1569,4,4596,1,5,0
24,3265,9,1413,0,0,1
3,2480,7,13400,1,1,1
103,1475,7,7656,0,3,1
63,3195,15,6416,1,5,1
22,2459,8,13184,1,4,0
25,509,13,7414,0,2,0
61,1445,5,10333,0,1,0
91,971,10,6239,1,3,0
50,2318,5,2939,0,4,1
80,2424,12,6360,1,5,0
40,601,14,13809,1,1,0
123,3220,12,12585,1,1,1
52,1026,8,12903,1,1,0
71,3334,11,2652,0,5,0
121,2341,12,7028,0,4,0
14,1659,6,6112,0,3,0
102,3285,6,7977,0,0,0
121,2833,10,6651,1,1,0
71,1750,3,1678,1,1,0
51,2052,9,6225,0,6,1
14,862,2,13443,1,2,0
81,1752,6,11938,0,4,1
6,1365,14,9363,1,6,0
80,1648,15,11067,0,2,0
1,2011,11,10224,1,0,1
75,522,15,13728,1,0,1
33,2499,1,9182,0,3,1
14,1867,5,13204,1,3,0
125,1288,11,5788,0,5,0
117,3329,2,4621,1,3,0
35,1310,7,10276,1,4,0
22,2703,5,5511,0,3,0
53,3193,3,6039,1,6,0
48,2712,10,4521,1,2,0
60,3039,3,10537,0,2,0
108,1800,14,13081,0,2,0
61,2263,2,7334,1,1,1
27,1848,5,14956,0,2,1
32,2461,10,8896,1,1,1
85,1448,14,7070,1,4,0
1,1256,9,2706,0,2,1
100,1202,0,2138,0,3,1
63,873,7,11860,1,1,0
30,2337,15,2410,0,5,1
11,1191,10,5745,0,2,0
81,2685,3,9910,0,0,0
37,2796,12,10653,1,4,0
133,1621,4,14747,1,4,1
91,719,6,5636,0,6,0
104,899,4,14464,1,1,0
117,1856,1,1775,1,4,1
95,2473,6,14870,0,2,1
59,631,6,12230,0,6,0
86,2950,13,7319,1,5,0
92,3209,7,12839,1,6,0
35,741,5,3768,0,1,0
74,892,5,12141,1,6,0
37,3169,15,9439,0,0,1
66,3353,4,11057,0,0,0
39,3023,4,11500,1,5,1
123,2270,13,2387,0,6,0
111,2811,9,5273,0,6,1
47,2481,12,3670,0,2,1
80,2005,3,2339,1,3,0
39,1763,12,13616,0,0,0
25,1589,2,14367,0,2,1
61,1147,11,14025,1,0,0
74,3165,3,10469,1,4,1
56,2676,0,8063,0,6,1
18,2825,15,7711,1,6,0
99,2671,0,4617,1,4,0
94,1576,6,10222,0,1,0
125,1873,12,7983,0,0,1
99,3224,15,6043,0,2,0
22,2989,4,13475,1,2,0
39,1847,0,6897,1,3,0
110,1267,1,10005,0,6,0
4,891,6,8302,1,1,1
123,3114,4,2804,0,5,1
1,2752,13,6489,0,6,1
1,1880,11,1500,1,4,1
85,980,9,6150,0,2,1
84,2345,13,7556,1,1,1
91,3128,15,9170,0,4,0
38,632,9,2015,1,0,0
111,616,3,13946,1,0,0
30,1658,10,5777,1,5,0
91,796,6,13939,0,3,0
4,2483,13,7474,1,0,0
85,3213,2,2473,1,0,0
15,924,14,11383,1,6,1
22,3205,3,12443,0,6,1
85,878,3,7537,1,2,1
49,1515,7,2098,0,6,1
99,1106,5,13365,0,0,1
39,676,14,8844,1,0,0
23,524,12,2461,0,6,1
25,2700,13,3465,1,6,1
88,1368,8,7119,0,6,0
54,2858,12,4417,1,5,1
58,2618,0,10476,1,0,1
33,1701,4,12171,0,1,0
80,2615,10,13003,0,0,1
97,1512,14,6601,1,1,1
4,809,12,14413,1,5,1
58,1987,9,5631,1,6,1
120,3228,7,11825,0,6,0
114,2513,7,6658,1,3,1
9,621,11,14656,0,6,1
133,1045,5,9628,1,0,0
10,2955,0,4216,0,5,0
44,2647,5,2267,0,4,1
97,1587,15,3193,1,0,0
94,2972,11,2743,1,1,0
133,1499,9,4926,1,5,1
32,2588,10,6657,1,3,1
106,1767,5,12165,0,4,1
91,3001,13,12931,1,2,1
126,1051,12,7840,1,0,1
92,666,10,5571,1,2,0
96,2705,10,14933,1,5,1
19,896,13,7742,0,2,1
105,784,7,1490,1,2,0
60,1611,2,9300,1,4,0
34,1583,14,14603,0,0,0
131,2048,11,11991,1,5,0
83,3219,3,8871,1,1,0
102,2494,15,8024,0,1,1
84,2554,1,12092,1,5,1
56,740,10,10289,1,5,1
115,2543,5,4953,0,4,1
100,1276,6,1434,1,0,1
105,1832,3,3306,1,1,0
122,2269,1,6574,1,5,0
67,1159,9,14875,0,1,0
9,2538,1,6452,0,5,1
41,2882,1,4245,0,0,1
87,1597,10,1800,0,6,0
20,1047,3,2712,0,6,1
90,2740,5,2508,0,5,1
32,3291,0,13932,1,6,1
27,3293,12,5098,0,5,0
20,2876,6,12386,0,5,0
63,1296,6,10814,1,1,1
38,632,4,10819,1,5,1
51,3228,11,9233,1,4,0
91,1321,14,7823,0,1,0
21,2505,5,8929,1,6,1
133,3133,8,3652,1,3,0
67,3011,9,13628,0,5,0
75,1547,12,3217,1,1,1
104,1677,11,14792,0,6,1
61,550,9,13219,0,4,1
101,1849,6,13262,1,5,0
2,3307,3,10160,0,1,1
102,1934,12,7340,1,5,0
77,2259,2,4818,0,6,0
104,1217,1,14139,0,4,0
57,3161,12,9226,1,6,1
45,2560,11,2436,1,5,0
55,1995,3,10949,1,1,0
126,1224,7,10974,1,3,0
48,2269,8,13960,1,4,0
66,1034,1,9470,0,6,0
100,1704,1,3940,1,5,0
72,2244,3,14269,1,5,0
58,1394,10,12289,0,0,0
30,923,6,4280,0,6,0
38,1627,3,11832,1,0,0
77,689,13,5603,0,5,1
51,1595,15,1948,1,5,0
25,2801,11,2864,0,6,0
75,534,0,11017,1,0,0
47,2696,6,5878,0,5,1
45,3176,1,4239,1,6,1
35,2991,4,14375,0,0,0
97,1450,6,11890,1,3,1
27,1699,6,4575,0,4,0
41,653,5,2955,0,5,0
67,1029,9,2960,1,5,1
43,960,3,9923,0,0,0
102,2961,14,9296,0,6,1
28,743,2,7654,0,6,1
127,2494,7,11944,1,2,0
24,1530,8,13658,0,6,0
16,3128,1,13562,1,2,0
67,1552,8,13179,1,5,1
101,2625,5,4009,1,2,0
117,2141,2,7040,0,2,1
74,1852,14,5220,1,0,1
15,2176,2,12321,0,0,1
120,1240,10,8426,0,3,0
63,882,0,5965,1,4,0
83,3130,2,12701,0,5,0
80,1960,3,8016,1,1,1
56,550,14,14518,1,0,1
46,3244,4,12158,0,1,1
20,3076,14,11753,0,4,0
58,2467,0,7006,1,0,0
94,522,13,14270,0,4,1
102,2992,12,7836,1,0,0
75,749,12,7975,0,0,1
131,2998,1,10769,1,0,0
98,2619,4,2694,0,5,1
96,1720,12,8281,0,6,0
54,2228,10,4617,1,5,1
45,1248,1,3700,0,3,1
1,1591,3,6083,1,3,1
65,1785,15,6902,0,1,1
93,2090,2,4377,0,2,1
34,939,5,3322,1,4,1
82,2079,6,4369,0,2,1
76,3233,14,3916,1,4,1
83,3221,13,3827,0,2,0
106,2735,8,4425,0,3,0
12,2064,3,1278,1,0,1
31,1618,10,7705,1,4,0
120,1461,6,14549,1,1,0
88,1984,0,5902,0,6,0
93,698,3,4941,1,6,1
122,2549,14,5301,1,2,0
40,1246,15,3450,1,2,0
3,1122,10,5814,0,1,0
110,3274,14,5081,0,4,1
83,1798,2,12245,1,0,1
85,2590,1,11781,1,5,1
21,1696,10,5595,1,4,1
94,2004,5,9996,1,5,1
23,2162,13,12854,0,3,1
132,536,0,8292,0,5,0
126,1029,14,8894,1,0,0
109,2037,1,5690,1,6,1
11,1488,14,7511,0,3,0
5,994,5,2373,0,1,1
120,2657,1,10653,0,1,1
107,1973,3,9760,1,2,1
41,1932,1,13414,0,4,1
67,2757,2,13046,0,0,1
60,1692,4,8218,1,2,1
5,3113,12,2557,1,0,1
50,639,9,13822,0,6,0
28,2221,14,12473,1,6,1
111,743,7,4615,0,2,1
115,1415,0,8708,0,6,0
42,1655,11,11796,1,5,1
70,540,7,6036,0,3,1
83,2750,14,8424,0,2,0
64,2101,7,4255,0,1,0
118,1926,10,14482,1,6,0
114,1984,0,2638,0,3,1
35,2823,11,4957,0,1,1
78,3310,12,12547,1,6,1
10,3106,6,1895,1,4,1
130,2982,5,4389,1,1,1
109,2644,8,5226,0,2,1
39,701,10,1528,0,1,0
130,868,0,14055,0,3,1
64,633,10,13568,0,3,1
16,2380,2,10016,0,6,1
20,621,13,14110,0,1,1
9,2015,5,2915,0,5,1
38,1468,11,13191,0,2,0
3,2849,2,5303,1,3,0
11,2514,13,5215,0,2,0
43,2285,15,10888,0,2,1
7,2916,4,14162,1,1,0
38,2065,15,4482,1,4,1
47,3252,0,3370,1,0,0
116,1236,9,6149,0,2,0
82,1165,9,6151,0,4,0
133,629,6,10975,1,4,0
126,891,5,1587,0,0,0
100,1923,3,4477,1,1,1
53,1644,10,5194,0,0,1
101,1912,1,13612,0,3,1
17,2045,11,13699,1,3,1
121,1788,2,13423,0,0,0
126,2199,7,12785,1,6,0
67,1017,12,8142,1,1,1
95,2604,2,10746,1,1,0
72,1519,11,13636,1,2,0
50,1334,9,14774,1,1,0
120,1168,6,9634,1,4,1
74,2112,3,6294,1,6,0
56,1711,5,11791,1,3,1
68,2852,13,4692,1,6,1
71,1724,6,10090,0,1,1
81,1736,0,13576,0,6,0
20,1846,4,12559,1,2,0
118,2038,9,8503,1,5,1
7,3124,3,8010,0,6,1
95,2933,1,10173,1,1,0
102,1118,13,8577,0,5,0
86,1519,0,8353,1,6,1
77,511,8,14254,1,1,0
21,693,12,14380,0,5,0
62,2199,11,1682,1,6,0
91,3005,9,4833,0,6,0
105,1731,4,2251,1,0,0
8,2791,1,8265,1,4,0
43,2088,7,8488,1,5,1
84,2106,8,10774,1,4,0
119,3027,7,9363,0,2,0
104,2852,5,14763,1,5,1
15,717,13,6146,1,0,0
38,3068,5,9978,0,0,0
106,2678,4,14277,1,6,0
8,886,1,14650,0,4,0
89,3079,9,13923,1,1,1
103,3318,5,1699,1,2,0
38,576,9,11063,0,1,0
89,2226,10,10099,1,2,1
83,1881,0,13565,1,3,0
71,684,5,9422,0,6,1
132,2598,3,14525,0,6,1
75,2005,15,12272,0,1,1
56,2386,2,4438,0,5,0
15,2678,10,7226,0,4,0
13,1036,9,7724,1,4,1
84,741,2,10349,1,6,1
16,1641,11,6991,0,4,0
106,612,10,10071,1,6,1
70,1593,8,5356,0,1,0
45,3018,15,5971,1,6,0
101,1929,10,5616,1,4,0
114,610,6,3749,0,5,1
43,2276,7,10959,1,6,0
22,2744,3,9999,1,6,1
11,3113,4,11348,1,1,1
62,1664,2,14393,1,0,0
93,3072,1,11852,1,0,0
118,926,2,6360,0,6,0
67,795,9,7502,0,0,1
102,703,12,12709,1,0,0
67,1546,15,11068,1,2,1
106,2038,8,4462,1,0,1
87,2314,12,7356,0,3,0
88,708,14,6081,1,1,0
12,569,0,5560,1,1,0
116,1168,3,3862,0,6,1
115,2351,14,10601,1,5,0
43,1207,10,2861,0,4,0
54,3113,8,8097,0,1,1
97,2116,8,7096,1,0,1
35,998,4,2241,1,2,1
88,682,8,5082,0,6,0
56,2216,2,3430,0,2,0
131,1844,7,10647,1,1,0
133,1249,7,10196,1,1,0
9,2590,5,5561,1,3,0
110,2907,8,7301,0,1,0
130,2959,7,8006,0,2,0
121,992,7,7910,0,6,1
26,2315,8,5623,1,6,0
10,741,11,11835,0,0,1
116,3262,14,4696,1,1,0
61,2522,3,4532,1,4,1
64,2561,0,2673,0,4,0
25,3271,9,9438,0,1,1
49,751,9,14299,1,5,0
74,2636,9,14491,1,2,1
99,3217,7,3824,0,5,0
50,2181,10,3907,1,5,1
61,1907,13,12395,0,4,0
47,1987,0,3307,1,6,0
30,2796,11,9720,1,3,1
91,919,13,11296,0,6,0
122,1467,11,3670,0,2,1
113,538,6,13609,0,3,0
61,2037,4,13022,1,5,1
21,2709,5,3882,1,0,1
61,2441,14,10142,1,2,0
41,935,15,5198,1,3,1
1,1907,3,13669,1,6,1
30,1570,8,13170,0,3,0
67,1475,12,9362,1,4,1
44,1708,11,6749,1,3,0
75,1667,2,2588,1,3,1
28,1596,15,13486,1,0,0
21,1214,9,2626,1,5,0
81,2225,4,10525,1,0,1
84,2056,6,6991,1,4,0
58,766,10,8696,1,3,1
66,751,11,13450,1,3,1
16,2695,0,13717,1,2,1
22,1754,11,8004,0,4,1
11,3181,1,14701,1,3,1
126,2431,7,1705,1,6,1
114,2239,6,5327,0,1,0
130,2975,1,14030,1,1,1
98,1119,4,7452,1,6,0
85,2219,9,2993,1,1,0
123,1567,6,12646,1,4,0
109,834,0,12305,1,6,1
79,2823,12,12831,0,6,1
14,2868,6,10217,1,4,0
61,3106,1,6321,0,5,0
112,1369,7,9067,1,3,0
60,784,14,14946,0,3,1
8,885,6,9711,0,2,0
37,533,14,6482,1,2,1
64,596,7,2236,1,3,0
39,624,6,2856,1,0,0
38,748,6,12428,1,6,0
102,3079,10,3362,0,6,0
133,1103,1,2908,0,3,0
120,2787,5,3921,1,1,0
3,2837,9,13844,0,3,1
19,2483,12,6886,1,0,1
63,2269,8,9832,0,2,1
77,2749,15,2055,1,0,1
42,1616,0,8982,0,3,1
114,1246,9,3965,1,0,0
25,2312,6,7920,1,2,1
129,3238,9,8212,1,6,1
133,2782,6,6819,1,0,0
53,2734,11,5412,1,4,1
131,1263,10,8969,0,5,1
114,542,5,5312,0,5,0
13,1087,1,8517,0,2,0
66,2743,14,12299,1,0,0
107,1572,14,9447,1,6,1
32,2921,12,1390,1,4,1
59,950,13,7537,1,3,0
31,944,14,11169,0,5,1
97,2579,1,3797,1,2,0
20,3229,15,12506,1,5,1
96,1568,15,11242,1,1,1
1,760,5,11764,0,1,1
131,3076,11,2346,0,1,1
89,804,13,9746,0,3,0
83,2249,1,1525,0,4,0
46,2412,10,8833,0,0,1
50,3108,5,13703,0,5,1
103,582,8,3896,1,5,0
125,3237,13,13050,0,5,1
29,2150,1,8546,0,0,0
93,2928,0,2203,1,0,0
44,2810,0,7074,0,0,0
16,2869,10,2018,1,1,0
92,929,5,11136,0,6,0
58,1107,6,14458,0,5,1
103,2856,6,3715,1,5,0
21,552,15,4665,0,3,0
5,2557,11,9002,0,4,0
35,2545,13,1759,1,3,0
76,1034,15,12879,0,3,0
94,1068,12,4821,0,3,0
55,2092,2,4488,1,2,1
91,2219,6,9020,1,0,1
114,1397,9,4912,0,2,0
89,3287,3,14214,1,4,0
32,3134,0,7610,1,6,0
1,653,1,9056,1,3,0
94,2329,15,8783,0,2,1
13,826,6,8089,1,3,1
83,2813,13,7128,1,0,0
99,2006,13,7925,0,1,0
124,1641,3,10338,0,5,1
58,2040,4,13079,0,4,0
58,1768,2,2145,1,2,1
66,2010,10,11976,1,6,0
88,1112,1,11397,1,4,1
108,1096,5,5056,0,2,0
68,2327,13,12729,0,1,1
68,2905,12,14552,1,3,1
35,3348,5,1828,0,3,1
72,1101,13,11745,0,2,1
82,1928,2,6034,0,6,1
67,2915,3,10994,0,5,0
37,2363,10,6660,1,1,1
123,967,14,10756,1,1,0
82,1716,3,10967,0,3,1
118,1378,7,13204,1,0,1
27,2709,6,12960,1,4,0
75,2285,11,5151,0,3,0
119,2934,10,13064,1,3,0
34,2639,3,12864,1,0,1
130,794,9,13402,0,4,1
41,2552,15,10661,0,6,0
44,733,7,8293,1,0,1
98,1573,0,9060,0,0,0
26,2578,2,9415,1,6,0
37,2955,4,1983,0,3,0
18,2521,6,10735,0,1,1
57,2955,1,4110,1,5,0
35,735,2,3839,0,4,1
102,2431,3,8806,0,6,1
85,2183,5,12384,0,6,1
69,2729,12,8202,0,4,1
91,1401,8,11328,1,1,1
85,628,2,11154,0,5,1
15,2932,2,13454,0,4,0
108,876,8,1320,0,4,0
114,1477,5,10277,0,2,0
83,1972,2,9768,1,4,1
20,3040,10,2056,1,5,0
36,2151,5,9435,0,5,0
83,1048,3,12027,1,0,0
20,1752,12,10651,1,4,0
36,1294,8,13434,0,1,0
32,684,9,1588,1,3,0
46,2169,14,7773,1,6,0
104,3332,13,9387,1,3,1
21,1733,8,4708,1,0,1
47,2978,7,13844,1,5,1
6,1190,4,3273,0,4,0
59,895,10,5156,0,4,0
117,2811,3,2685,0,1,1
22,1320,13,6703,1,6,0
94,2790,14,11088,1,5,0
45,2101,13,3418,0,5,0
60,2104,10,5570,0,5,1
117,3161,10,1987,1,5,0
35,3046,5,1917,0,3,0
76,2137,2,9607,1,4,0
88,2813,6,13063,1,2,0
32,1964,8,10463,0,4,0
64,1512,14,13401,0,0,1
127,1825,3,12907,1,0,1
116,870,14,8235,0,6,0
31,1008,6,8695,0,2,0
46,3316,11,3537,0,5,1
133,1216,7,6501,0,1,0
47,1255,6,4698,0,0,0
70,1791,2,11741,0,4,1
28,1950,7,11426,0,3,1
17,931,12,12383,1,4,0
29,2033,12,9865,1,1,0
115,764,6,13522,1,5,1
108,3306,8,12146,0,4,1
3,666,12,11176,0,2,0
3,1268,12,3153,0,2,1
83,1004,1,13739,0,5,1
78,2163,9,10311,0,5,0
13,1877,14,10506,0,2,1
98,761,8,9260,0,6,0
14,1876,5,8576,1,3,0
108,1065,11,14420,0,6,1
58,3046,9,8742,1,6,1
60,908,6,10156,1,4,0
7,2040,5,8359,0,2,0
122,928,11,8437,1,4,1
96,1018,3,6187,0,3,1
33,2354,13,4652,1,6,1
64,520,8,6852,0,2,1
128,2932,2,2122,1,3,0
26,1069,12,3631,1,5,0
113,1866,11,10404,0,5,1
35,2445,0,4434,0,4,1
123,1705,14,2453,0,0,1
130,3290,4,13554,1,5,1
71,872,4,4656,0,2,1
5,923,2,9896,1,6,1
118,634,10,3307,0,1,0
27,677,8,14406,0,4,0
124,2262,12,8021,1,4,0
4,3369,6,1959,0,6,0
1,721,6,4661,0,2,0
30,537,6,5246,1,0,1
26,2740,12,6946,1,5,1
106,1136,15,14894,1,6,0
127,1456,1,10293,1,3,1
110,1552,8,1522,1,6,1
106,1839,1,6034,1,6,0
100,2748,1,9907,0,4,1
51,1246,5,4991,1,3,0
84,3121,1,4382,1,0,0
51,1294,1,12625,1,0,1
69,901,7,1261,1,5,1
44,2331,15,5927,1,0,1
58,2526,14,9900,0,3,1
50,3312,9,12660,1,1,1
63,609,7,14191,1,6,0
2,2659,6,5063,0,0,1
62,718,13,13229,1,6,1
101,1430,0,10847,0,2,1
110,2564,11,3217,1,0,1
99,1668,13,8903,0,6,1
32,1825,7,5124,1,0,0
3,1570,13,5456,1,0,1
12,784,14,4527,0,6,0
68,1547,14,11416,0,4,1
126,2372,2,12961,0,2,0
47,1899,0,3032,1,4,0
93,1227,14,3148,1,4,0
58,1288,12,3746,1,0,0
19,3182,13,3909,1,4,1
99,2394,7,1507,0,2,0
20,1062,13,3065,1,4,1
80,1955,13,5293,0,6,0
63,2063,6,6224,0,1,1
27,666,14,8470,1,0,1
41,1015,12,2502,0,5,0
118,638,0,8572,0,2,1
13,967,0,11344,0,3,0
38,1992,4,1696,0,4,1
75,2296,0,10391,0,6,0
77,1297,3,13754,0,0,1
78,1623,1,13128,1,3,0
91,679,13,8335,0,5,0
21,2097,3,12866,1,2,1
26,2376,3,12570,0,0,1
55,3001,11,8517,1,3,1
18,1947,14,2984,1,6,0
45,2056,12,10079,1,0,0
67,3345,9,11779,0,4,0
21,2534,3,8200,1,1,0
45,2245,11,13993,1,4,0
33,2815,1,6991,1,0,0
39,1096,15,14121,1,5,1
53,1157,15,4921,1,3,0
26,2970,2,8717,0,0,1
103,1420,11,9079,0,0,1
18,2245,7,13247,0,0,1
105,2834,0,14215,0,4,0
37,2870,5,4387,0,4,1
106,1587,6,14899,0,0,1
122,1288,2,7340,1,2,0
16,2858,11,4964,0,2,1
32,670,13,10745,0,1,0
103,3000,13,14002,1,6,0
71,3349,3,6518,0,0,0
56,1562,4,11083,0,2,1
17,1830,9,6007,1,2,0
81,2207,5,11712,0,6,0
131,2218,2,2302,1,2,1
129,2501,15,3932,1,0,1
75,2947,12,9893,1,6,0
9,2784,12,9396,0,6,1
40,2673,1,8945,1,4,1
89,1637,7,13397,1,3,0
121,1085,12,4408,0,2,1
9,2255,15,8701,0,4,0
94,3004,2,10397,0,4,0
124,2065,2,4764,1,6,1
66,2336,8,2889,0,5,0
33,2609,12,4190,1,0,1
30,743,8,2886,1,6,1
98,3308,12,10488,1,2,0
63,1152,15,8199,1,3,0
105,2555,9,11399,0,0,1
5,3157,9,7648,0,0,1
64,859,11,14426,1,3,0
91,1732,8,11030,0,3,0
12,1154,6,10418,1,1,0
123,1287,12,12220,0,3,1
30,3111,13,14153,0,2,1
18,808,13,14787,1,4,0
119,1890,9,11732,0,1,1
34,3185,4,10789,1,2,0
26,2169,13,5365,1,1,0
119,668,6,6125,0,1,1
84,1161,15,3382,1,3,1
20,964,2,2793,0,0,1
6,899,1,1874,0,6,0
87,1163,4,4807,0,6,0
109,967,2,1470,1,6,1
89,2342,2,11471,0,3,0
20,2678,12,7012,0,2,1
1,2759,11,1965,0,2,0
46,3293,14,2919,0,3,0
37,2890,10,2870,0,3,0
9,1533,1,10606,0,3,1
23,1960,0,6162,1,4,1
90,1092,7,5892,1,1,1
70,1654,0,11473,0,5,1
101,1002,5,12144,0,1,0
111,2566,7,2230,0,6,0
95,2867,5,7043,0,6,1
17,1960,7,3961,0,3,0
24,567,11,8378,0,1,1
39,2211,0,11927,1,0,1
126,2861,6,2330,1,6,1
129,2761,2,5483,0,4,1
111,2339,8,2441,1,5,0
122,2122,6,1232,0,4,1
41,2585,13,6094,0,0,1
110,3188,12,10748,1,0,0
87,1478,5,2807,1,5,1
109,1411,12,9938,0,3,1
133,1042,14,7925,0,3,1
127,3058,8,2158,1,5,1
37,2757,14,10832,0,6,1
1,2653,7,16686,1,0,0
10,3161,3,15131,0,0,0
8,2570,7,10568,0,2,0
5,3133,6,10129,0,2,1
4,2871,9,14076,0,2,0
2,2873,2,12871,1,3,0
7,3235,3,18327,1,0,0
1,3287,7,16074,0,3,1
10,2357,13,11817,0,2,0
6,2491,5,15011,0,1,0
5,2679,4,14142,1,0,1
7,3266,7,18603,0,3,0
7,2892,8,12154,0,3,0
2,3029,10,18240,0,1,1
1,2545,5,19666,1,0,1
1,2708,9,19704,1,1,1
10,3045,12,13247,1,2,1
1,3279,4,15191,0,3,1
3,3203,14,18292,0,0,0
6,3345,12,13419,1,1,1
9,2935,1,11023,0,1,0
10,2773,6,18418,0,2,0
1,2814,9,18331,1,2,0
4,2471,3,14770,0,3,0
7,3334,5,14374,0,2,1
6,2671,15,18621,1,0,1
1,3199,3,19162,0,0,0
6,3036,13,17457,1,0,1
1,2562,9,10430,0,0,1
8,3192,9,12009,1,0,1
2,2601,9,12475,1,0,0
9,3034,4,17923,1,3,0
7,3113,14,12893,1,3,1
3,2418,2,10890,0,3,1
4,2339,14,18539,1,2,1
5,2559,1,17151,0,1,0
3,2597,11,12990,0,3,0
1,2879,15,12589,0,2,1
1,3234,6,15203,0,0,1
3,2367,11,12328,0,2,0
7,2460,4,19734,0,3,0
8,2697,7,10244,1,0,0
5,2652,5,10258,1,3,1
1,2831,4,12194,1,2,1
3,2664,5,15181,1,2,1
1,2906,9,19326,1,3,1
7,2339,7,18041,1,3,1
3,2658,1,18178,0,3,0
1,3063,9,14036,1,0,1
1,2848,15,10246,1,2,1
5,3342,1,13000,0,2,1
3,3372,14,17520,0,2,0
1,2559,8,12975,0,1,1
5,3163,9,12641,1,1,0
1,3273,11,10209,0,3,0
5,2470,15,18218,0,0,1
10,2842,3,13158,1,0,0
1,2930,4,11707,0,1,1
1,3048,9,14455,0,1,0
10,2400,7,19050,0,2,1
2,3245,11,14771,0,2,1
5,3275,9,12618,1,2,0
10,2967,8,17661,0,2,0
10,2516,6,14334,0,0,0
5,3268,7,17785,1,2,1
4,3254,9,11761,0,1,1
9,2940,3,10896,0,3,0
1,2381,7,10560,1,3,0
1,2425,3,16445,0,2,0
9,2892,14,15023,0,0,0
3,3217,9,14782,1,0,1
9,3137,12,17759,1,2,1
8,2366,7,10363,1,0,1
1,2954,11,11728,0,0,0
6,2659,5,11638,0,1,0
6,2470,4,10935,0,2,0
2,2423,12,17177,1,1,0
6,2502,1,19691,1,1,0
3,2832,7,18075,1,2,1
5,3172,13,10667,0,1,0
4,2638,11,19479,1,2,0
10,2841,1,16683,1,2,0
4,3233,4,17118,1,2,1
9,3015,13,17328,0,3,0
4,2358,14,14448,0,0,1
7,2557,13,14979,1,2,0
5,2730,6,19148,1,0,0
5,2654,8,12298,1,3,1
3,2909,13,18070,0,3,0
9,3207,12,17307,1,1,0
8,2905,12,11313,1,0,1
4,2323,1,13362,0,3,1
2,2377,11,13583,0,2,1
4,3190,6,13016,1,3,0
1,2765,2,16312,0,1,0
1,2349,9,11128,1,0,0
5,2511,8,13798,1,1,1
3,2579,10,13541,1,0,0
6,2359,5,10466,0,3,1
2,2734,14,17882,1,1,1
10,2645,12,19134,1,0,0
5,3345,8,11329,0,0,0
9,3215,6,18601,1,0,1
4,3312,2,10102,0,3,1
4,2956,5,17396,0,1,1
7,3166,13,19028,0,2,0
7,2466,11,13128,1,1,0
7,3217,6,11859,1,2,1
10,2743,4,17211,0,0,0
1,2478,11,14229,1,2,0
9,2699,14,15769,0,2,0
8,3291,9,19185,1,0,1
4,3154,7,12316,0,0,0
5,2909,2,15248,0,0,0
9,2736,8,14972,0,3,0
6,3367,6,12151,0,1,1
9,2375,13,18052,0,2,0
6,2841,5,19111,0,0,0
3,2892,13,16705,0,2,0
2,2438,3,19243,1,2,1
10,3349,12,10819,0,0,1
1,2753,4,11645,0,1,1
9,3042,11,15173,1,1,1
3,3015,8,14794,1,3,0
6,3301,4,17131,0,2,1
6,2966,2,12267,1,2,0
1,3121,11,19988,1,0,0
5,3183,2,12678,0,3,1
5,2530,6,14627,0,0,1
1,3232,13,12145,0,2,0
7,2848,10,17800,1,1,1
9,3181,3,17027,1,2,1
5,2891,6,18027,0,2,0
6,2520,8,14335,1,2,0
10,2449,14,11247,0,2,1
6,2561,11,10133,1,1,0
9,2871,12,11007,1,2,0
5,3128,11,13950,1,0,0
9,2699,8,18079,1,2,0
10,3199,10,14047,1,1,1
1,2317,13,17762,0,1,0
7,2997,3,10452,0,1,0
5,2493,3,15319,0,0,0
3,2575,1,13542,1,2,1
3,3080,7,11830,0,1,1
7,2849,10,18723,0,3,0
1,2317,11,19182,0,3,0
1,2361,9,12511,1,3,1
4,2460,3,15507,0,1,0
3,2391,14,13939,1,1,0
10,2643,13,15695,1,1,0
5,2518,10,10924,0,0,0
1,2330,5,18634,0,1,0
8,3155,9,10296,0,1,0
9,3157,5,12580,0,3,1
1,2677,3,12591,0,2,0
4,2762,2,17530,1,1,1
1,3184,7,14402,0,3,0
5,2480,10,11392,1,0,1
7,2379,9,19326,1,0,0
1,2475,7,12492,0,3,1
7,2670,15,13405,0,3,0
7,2660,13,12381,0,2,1
2,2590,7,15072,0,0,0
2,2789,4,11274,0,3,1
1,2734,9,12371,0,3,1
3,3203,3,15422,0,3,1
7,2897,3,13163,1,1,0
5,3259,5,10925,1,0,1
9,3293,10,13069,1,0,1
6,2785,11,19360,0,1,0
1,2502,12,15685,1,3,1
3,2674,6,12569,0,0,0
3,3202,8,12056,1,0,0
3,2740,11,12655,1,1,0
2,2958,4,19813,1,0,0
6,3282,7,15439,1,1,1
3,3262,1,12351,1,2,1
8,2887,2,13124,0,2,0
9,2602,7,15087,1,3,0
7,3226,15,19902,1,0,0
7,2748,6,19539,1,1,1
9,3261,13,17901,0,0,0
6,2623,7,15062,0,2,0
3,2578,12,18378,0,3,0
10,2430,7,19162,1,2,0
3,2506,5,14581,0,1,0
1,2835,7,14715,1,1,0
7,2621,14,17368,1,2,0
1,2653,11,16695,1,1,1
5,2560,1,15025,1,3,0
8,2745,14,19946,0,0,0
6,2757,4,12337,1,0,1
10,2978,10,11659,0,3,0
4,2775,8,15824,0,3,1
1,2567,11,19944,1,3,1
10,3271,12,16353,0,2,0
8,3234,13,16934,0,2,0
4,2973,13,10552,0,0,1
9,2794,5,16004,1,1,1
4,2738,9,17684,0,2,0
4,2324,4,13468,0,2,0
3,3311,5,10315,0,2,1
5,2583,10,13242,1,2,1
10,2935,14,19642,0,3,0
6,3373,9,11529,1,2,1
10,3085,14,18043,0,0,1
3,3318,14,18901,0,2,0
7,3236,4,13701,1,3,1
3,2435,15,13413,1,1,1
9,3231,6,16843,1,0,0
3,2598,2,10984,0,2,0
5,2786,14,15587,1,0,0
8,3069,6,17064,1,0,1
6,3231,5,12151,1,1,0
7,3160,11,17668,1,2,0
2,2575,9,14071,0,2,0
5,2808,12,13000,1,0,1
8,3254,10,14847,0,0,1
6,2580,15,11194,0,1,1
4,2907,8,17271,1,3,0
6,3140,9,11475,1,3,0
2,2428,14,14540,1,3,1
6,2712,8,18518,0,2,0
5,2518,10,13810,0,0,1
5,2713,7,14491,1,3,1
3,2511,12,12761,1,1,1
1,2573,7,18956,1,0,0
3,2786,2,16278,1,1,1
1,3171,5,15245,0,3,1
1,2470,3,17704,1,1,0
2,3184,5,16932,0,2,1
2,3177,6,14129,1,3,1
2,2840,11,19294,1,3,0
6,3155,14,10945,0,2,0
6,3063,4,12318,0,2,0
9,2450,5,14753,1,0,0
8,3212,3,14714,0,2,1
8,2463,2,11814,1,3,1
1,2424,10,15904,0,2,0
7,2417,3,19174,1,2,0
4,2557,15,16560,1,1,1
7,2399,5,17755,0,2,0
3,2416,3,10832,1,0,1
1,3095,6,19362,1,3,1
7,2343,15,18633,0,2,1
6,2945,3,12034,0,2,1
1,3064,1,17353,1,1,0
8,2708,3,19418,0,3,1
4,3180,2,10023,0,1,1
3,3088,8,10532,1,3,0
4,2866,13,19524,0,3,1
2,3183,3,10043,0,3,0
1,2875,2,12369,0,3,0
10,3241,3,11263,1,3,1
5,2951,11,19338,0,0,0
6,2526,2,16197,0,2,0
8,2789,12,17085,0,0,0
3,2960,6,12942,0,0,1
5,2672,11,17005,0,2,1
2,3115,12,16300,0,3,0
5,3306,5,18078,1,0,1
1,3085,13,11808,1,1,0
6,2780,12,13551,1,1,0
1,2382,1,17024,0,0,0
5,2686,10,19188,1,0,1
3,3198,13,14301,0,3,1
6,2525,10,11279,0,2,0
7,2648,15,12165,0,0,0
1,2575,4,13403,0,3,1
8,2363,1,10825,1,0,0
7,2830,12,11639,1,2,0
3,3054,1,18036,0,0,1
7,2802,8,14560,1,1,1
4,2421,11,18628,0,2,0
3,2823,12,14189,1,2,0
8,2455,11,12554,1,3,1
7,2865,5,10737,0,3,1
2,2345,10,19763,1,3,0
8,2603,3,11871,1,2,0
1,2657,14,18529,1,0,1
9,3161,7,11443,1,2,1
8,3099,6,16176,1,3,1
1,2844,7,18984,0,0,0
1,3244,15,19377,1,3,0
9,3199,12,17679,0,0,0
7,2927,11,13403,1,3,1
3,2465,9,10245,1,2,1
3,3250,10,11979,0,0,1
7,2453,8,17861,1,1,0
4,2416,7,11095,0,1,0
8,2760,7,18589,0,1,0
7,2992,11,11648,1,1,0
10,2503,11,11069,1,0,1
2,3357,5,12401,1,1,0
10,2448,6,13756,0,0,0
7,3326,7,17102,1,3,1
8,3146,14,18590,0,2,0
1,2326,2,18164,1,3,0
10,2949,5,11820,0,0,0
1,2587,14,15559,0,3,1
2,2436,1,19165,0,2,1
6,2416,3,19056,1,3,0
10,2576,8,13604,1,3,0
8,2960,11,14215,0,3,0
1,3360,9,11526,1,3,1
1,2541,15,10533,1,3,1
4,2528,15,13799,1,0,0
7,3081,11,16508,1,0,1
3,2892,11,13263,0,2,0
7,3234,8,11934,1,1,0
8,2636,14,19888,1,3,0
3,2902,5,13894,0,2,1
1,2992,14,12440,0,3,1
1,2747,11,17477,1,2,0
3,3039,7,12263,1,0,0
4,2934,11,14177,0,1,1
8,2361,2,16785,1,1,1
8,2338,5,19460,1,2,1
1,3309,7,19523,0,2,1
2,2385,3,13652,0,1,0
2,3342,15,12699,1,3,0
6,2463,4,17631,1,0,1
7,3024,15,10231,1,1,0
9,3053,10,17878,1,0,0
3,3349,2,19723,1,0,0
5,2624,6,12317,1,1,0
8,2505,3,15460,0,0,0
6,2792,15,19016,1,0,0
8,2338,9,15127,0,2,0
1,3313,4,12339,1,1,1
8,2687,9,14209,1,3,0
5,3198,7,11140,0,1,0
1,2881,11,14581,1,0,0
3,2396,5,17988,0,3,1
6,2465,7,13392,0,3,0
7,2729,7,15835,0,3,0
1,2920,8,14804,0,0,0
6,2521,3,16868,1,1,0
9,2525,12,10632,0,2,0
7,2741,15,19244,0,1,0
6,3322,12,17756,1,1,0
10,3368,11,14406,0,3,1
5,2807,14,18138,1,2,0
2,2312,8,10488,1,2,1
2,2481,15,10719,0,2,1
4,2640,9,14410,0,2,0
9,2676,7,11922,1,2,0
7,3226,7,13685,0,0,0
9,2659,11,18950,1,0,0
8,3194,6,10978,1,2,0
10,2310,9,10263,0,0,0
1,3141,15,11084,1,3,0
6,2507,8,17080,1,1,0
1,3209,12,12255,0,0,1
2,3158,14,18710,0,3,1
4,3368,5,19525,0,3,1
1,2616,6,14447,1,1,0
1,3114,5,10770,1,1,1
3,2515,2,19839,0,0,1
1,3074,4,11430,1,0,0
2,2972,11,10985,1,2,0
4,3135,8,19773,0,3,1
6,2594,3,18333,1,0,0
1,2521,15,10726,0,3,0
3,3153,10,19879,1,0,0
6,2590,5,12904,1,2,0
7,2460,6,12796,1,0,1
6,3188,14,15750,1,3,0
6,3229,12,10092,1,0,1
7,2508,4,10713,0,1,0
3,2565,6,11618,0,2,1
1,2339,8,14701,1,2,1
6,2816,1,12085,0,2,0
9,3277,8,18445,0,3,1
1,3050,10,12928,1,3,1
4,2760,8,13797,1,2,0
4,2627,14,11065,1,1,0
8,3123,8,15974,0,2,0
8,2550,9,12230,0,3,0
7,2472,11,16294,0,2,0
1,3117,12,15643,0,2,1
2,2828,11,13336,1,3,1
5,2679,1,19649,1,0,0
4,2889,3,10269,0,1,1
6,2882,2,19448,1,1,1
4,3133,1,17949,1,3,1
8,2718,6,16098,1,0,1
7,3109,12,18584,0,0,0
1,2578,4,15900,1,0,1
6,2429,1,10564,1,3,0
8,2783,13,18111,0,0,1
5,3195,2,12779,0,3,1
1,3093,13,15021,1,3,1
2,2689,11,13976,1,3,0
10,2658,13,16965,1,1,1
9,2319,3,10705,1,1,1
4,2559,15,11901,1,1,1
9,2662,7,14692,1,2,0
1,2537,6,12081,1,1,0
5,2619,1,16076,0,1,1
1,2692,10,15267,1,2,0
5,2617,6,14961,1,3,1
1,3356,11,10422,0,0,1
7,3223,9,12875,0,1,0
3,2499,6,10180,0,1,0
6,2476,12,18254,1,3,0
6,2519,13,14614,1,2,1
10,2992,9,17108,1,1,1
6,2692,6,19746,0,1,0
2,2607,13,18816,1,3,0
2,3099,7,10187,0,3,0
9,2367,14,16226,1,3,1
1,2481,9,18235,1,3,0
3,2403,14,13510,1,3,0
1,2913,14,19507,0,1,1
3,2944,13,14371,0,2,1
5,2654,6,19534,0,3,1
1,3351,14,11171,1,0,0
4,3179,12,12894,0,3,1
9,2326,12,10920,0,0,1
10,3263,2,12967,0,3,0
8,2357,8,11586,0,2,0
8,2464,1,18991,0,2,0
4,2969,1,16166,1,0,0
9,2307,15,15718,1,3,1
5,2912,3,12380,0,0,0
1,2949,9,19743,0,3,1
1,2663,9,19100,1,1,1
1,3342,11,11862,0,0,0
5,2991,5,18987,1,2,0
5,2363,12,14518,1,3,1
1,2762,5,18629,1,3,1
1,2909,14,13886,0,2,1
8,2308,15,17103,0,1,0
3,2408,5,19587,1,0,0
1,2541,4,12001,1,1,0
2,3060,13,15099,0,0,1
8,2773,13,17067,0,0,1
9,3339,2,13971,0,3,1
10,2820,15,15062,0,3,1
7,2630,15,11336,1,1,0
3,2749,6,10253,1,2,0
4,2612,14,11292,0,1,1
9,2466,11,15046,1,1,0
7,2591,2,18306,1,1,1
9,3176,3,11674,1,2,0
7,2466,12,12321,0,3,0
7,2746,8,12801,0,0,1
2,2901,2,19933,1,2,1
2,2300,11,15239,0,1,0
7,2446,7,19038,1,1,1
1,2529,4,17475,0,3,0
9,2673,9,19477,1,0,1
8,2546,7,15555,0,1,1
5,3122,3,11467,0,0,0
9,2873,10,14693,0,2,0
3,2485,14,11960,1,1,0
3,2414,5,13197,1,1,1
2,3115,7,19224,1,1,0
5,2919,9,18269,1,2,0
9,2714,6,16790,0,0,0
7,2446,5,19022,1,3,1
3,2880,8,11485,0,0,0
2,2716,8,13906,0,3,1
1,2597,8,17629,0,1,1
1,2659,4,18750,1,3,0
10,2656,8,17069,1,3,0
1,2300,10,10986,0,3,1
8,2615,7,12258,1,3,0
3,3077,4,14721,1,3,0
9,3214,6,12589,1,0,1
2,2499,4,18346,1,2,1
2,2800,10,13149,0,0,0
5,3088,5,13676,0,2,0
9,2676,12,12731,0,1,1
7,3304,4,15599,0,3,0
5,2334,9,12195,1,3,1
3,2763,3,16789,1,0,0
8,3122,14,19693,0,1,1
2,2371,15,19169,1,2,0
1,2430,1,18125,0,2,1
3,2576,15,15272,0,1,0
2,2947,10,12633,0,1,1
5,2945,6,11851,1,0,0
4,2761,2,11829,1,1,0
7,3207,8,13121,0,3,0
1,3373,7,14008,0,3,1
1,3207,8,19205,0,0,0
7,2496,15,12915,1,0,0
8,2554,8,15309,0,3,1
7,2757,15,17504,1,2,1
1,2471,13,13585,1,1,1
2,3167,11,12865,0,2,1
1,2885,13,10503,0,1,1
5,3179,8,10981,1,2,0
2,3062,14,14894,0,0,0
4,2624,9,13596,0,0,0
4,3023,1,12891,0,0,0
5,2937,2,16261,1,1,0
10,2550,4,16538,0,0,0
2,3333,14,15287,1,0,0
8,2919,14,12911,0,3,1
5,2826,9,15841,0,0,1
1,2646,15,13186,0,2,0
3,2504,9,17807,0,2,0
2,2391,13,14830,1,3,0
6,2498,10,13836,0,1,0
2,3032,5,12914,1,1,1
4,3330,11,13583,0,1,0
1,3273,10,10934,1,1,0
10,3015,4,16724,0,2,1
1,3336,8,18964,1,0,0
6,2853,5,17710,1,0,0
2,3157,5,11715,0,0,0
2,2402,11,18431,0,0,1
4,2783,7,10677,0,3,1
3,2678,11,13628,0,2,0
3,3366,4,14088,1,3,0
9,2709,1,17178,0,0,0
10,2716,11,15405,1,2,0
8,2647,3,18014,0,2,0
9,2901,13,12464,1,3,0
8,2347,8,12327,1,2,0
4,2852,8,13708,1,2,1
3,3278,1,13245,0,0,0
5,2957,15,12230,1,1,0
8,2383,12,16010,0,3,0
9,2303,9,19210,0,0,1
9,2841,4,13443,0,0,0
9,2531,13,13969,1,1,0
2,3060,6,16474,0,1,0
1,2892,3,16799,1,1,1
4,3127,7,15685,0,2,0
9,2691,14,11148,0,3,0
7,3338,8,16655,0,0,1
9,3044,10,12617,1,3,1
1,2456,9,10567,1,0,0
5,2737,3,12886,0,2,0
2,3365,9,15626,0,3,1
6,2609,8,17528,1,0,1
2,2895,11,10856,0,2,1
1,2404,2,19595,1,0,1
5,3064,11,19285,1,2,0
2,2869,2,18161,0,2,1
6,2383,4,15752,0,0,1
4,2541,14,16232,0,1,0
1,3220,11,14473,1,3,1
10,2786,2,13385,0,0,1
1,2853,8,13731,0,3,1
10,2816,5,19044,0,0,1
1,3328,5,11392,0,1,1
1,2916,4,14665,0,1,1
6,2574,12,16859,0,2,1
10,3249,5,17091,0,1,1
6,2842,4,15468,0,1,1
4,3193,7,16904,0,3,1
5,2327,9,12568,0,0,1
7,3362,1,17639,0,2,1
5,3135,4,14500,0,1,1
3,2464,5,10441,0,1,1
8,3089,11,10891,0,3,1
6,3033,8,17263,0,2,1
10,2827,5,14866,0,2,1
9,2686,9,14302,0,0,1
1,3364,1,16510,0,3,1
2,2669,14,13491,0,1,1
7,2634,7,18920,0,3,1
1,3208,12,17223,0,0,1
1,2474,8,19777,0,1,1
1,3173,15,18105,0,2,1
8,2372,4,10096,0,1,1
5,2604,9,12041,0,3,1
6,3245,1,12450,0,0,1
1,2694,5,14850,0,2,1
4,2895,4,14980,0,2,1
8,3006,15,12011,0,2,1
3,3159,15,18089,0,0,1
9,2313,6,10746,0,0,1
10,2854,14,18603,0,2,1
8,3013,1,10252,0,1,1
2,3107,13,13725,0,1,1
10,2670,3,17635,0,1,1
1,2519,14,13192,0,2,1
5,3187,5,15425,0,1,1
2,2495,4,18025,0,3,1
2,2710,14,11429,0,3,1
6,2569,7,11781,0,0,1
9,3299,10,16345,0,0,1
10,3013,3,17633,0,2,1
5,3318,3,11216,0,3,1
6,2354,8,12934,0,3,1
7,2598,14,19240,0,1,1
4,2752,9,13575,0,1,1
7,3302,3,10192,0,2,1
8,2708,7,13851,0,2,1
5,2716,7,13191,0,0,1
6,3272,9,19027,0,0,1
6,3226,3,16543,0,1,1
10,2364,14,14939,0,1,1
3,2913,4,15895,0,1,1
1,2577,10,11598,0,2,1
5,2983,5,18558,0,2,1
8,3126,2,10238,0,0,1
1,2594,14,12843,0,2,1
6,2319,15,17345,0,1,1
1,2359,10,19795,0,1,1
2,2376,2,13458,0,2,1
10,2375,1,10055,0,3,1
1,2400,5,19566,0,1,1
2,2576,10,17137,0,3,1
7,2853,11,13343,0,3,1
3,2671,5,18288,0,1,1
5,3231,14,10492,0,1,1
8,2791,12,15886,0,3,1
7,2526,11,11136,0,2,1
6,2810,12,13897,0,1,1
4,3003,9,19691,0,2,1
10,3264,2,11944,0,1,1
2,2898,14,10352,0,2,1
4,2535,2,10078,0,0,1
4,3267,7,16585,0,0,1
3,2309,15,17399,0,0,1
2,2352,8,17183,0,1,1
4,2611,4,15562,0,0,1
9,2790,3,12065,0,1,1
9,3284,10,15981,0,3,1
6,2772,3,10609,0,1,1
4,2562,15,13664,0,2,1
5,2579,8,11275,0,3,1
2,3015,7,13723,0,1,1
3,3117,14,19961,0,2,1
1,3070,7,17295,0,2,1
6,3230,1,17289,0,1,1
5,2618,8,16836,0,1,1
3,3332,5,16185,0,1,1
7,3078,7,12847,0,1,1
3,2624,13,12092,0,0,1
5,2624,4,10282,0,0,1
9,2787,3,15024,0,2,1
4,2992,10,18042,0,0,1
9,2676,8,15821,0,2,1
2,2855,14,11839,0,1,1
1,3211,7,15576,0,1,1
8,3148,6,13726,0,0,1
10,3315,14,11319,0,1,1
6,3139,13,17815,0,3,1
6,2831,15,15599,0,3,1
7,3312,15,17681,0,0,1
4,2888,2,19763,0,3,1
8,2997,10,18424,0,0,1
4,2624,13,11503,0,1,1
8,2826,13,11734,0,3,1
3,3254,5,16258,0,0,1
4,3076,5,17755,0,2,1
6,2447,7,15655,0,0,1
1,2432,14,19532,0,1,1
1,2971,8,10560,0,3,1
5,3018,7,18691,0,3,1
1,3198,2,17141,0,0,1
8,2451,10,19550,0,3,1
6,3143,10,13773,0,0,1
6,2341,4,12349,0,3,1
9,3052,12,10263,0,2,1
8,3143,7,13689,0,2,1
9,3163,5,17771,0,0,1
8,2866,6,11655,0,0,1
9,3338,2,10266,0,2,1
3,3004,4,19644,0,0,1
9,3359,9,12367,0,1,1
2,2389,7,16375,0,0,1
4,2808,5,10538,0,1,1
4,3217,4,10608,0,3,1
1,3157,7,13053,0,0,1
7,3108,15,11728,0,1,1
3,2524,2,15670,0,0,1
9,2883,15,16738,0,2,1
9,3119,2,13664,0,2,1
7,2941,1,14239,0,3,1
1,2838,4,15407,0,2,1
7,3068,3,11200,0,1,1
6,3340,1,12455,0,1,1
8,3147,2,17839,0,1,1
9,2393,6,17089,0,1,1
10,3059,9,12352,0,3,1
4,3141,10,18195,0,3,1
10,2899,12,11931,0,1,1
3,3230,9,19454,0,3,1
2,2643,11,14259,0,0,1
10,2635,3,13212,0,2,1
1,3194,14,17247,0,1,1
10,3244,12,16133,0,3,1
3,3332,10,12936,0,1,1
10,2374,7,15125,0,2,1
6,3283,8,17702,0,1,1
1,2687,7,17292,0,3,1
2,2353,2,13906,0,2,1
9,2978,11,13059,0,0,1
7,3185,6,17237,0,1,1
3,3300,9,15696,0,2,1
2,2860,1,19644,0,1,1
3,2635,1,10631,0,1,1
7,3028,4,18112,0,0,1
1,3138,1,10042,0,3,1
1,3086,10,15416,0,2,1
1,2599,9,11816,0,3,1
2,2977,13,18074,0,2,1
7,2880,13,11525,0,1,1
9,2696,3,13454,0,0,1
4,2367,14,19291,0,3,1
1,2310,3,11739,0,2,1
10,3272,11,16815,0,2,1
9,3317,12,19990,0,2,1
1,2530,14,10201,0,2,1
1,2987,14,16425,0,2,1
3,3001,15,18231,0,1,1
1,2490,1,16963,0,3,1
3,2765,6,19790,0,2,1
9,3212,6,12792,0,1,1
6,2841,10,16068,0,3,1
10,2620,14,17526,0,0,1
5,2528,2,11657,0,2,1
3,2566,6,13433,0,1,1
9,2786,1,12793,0,1,1
3,2614,1,14630,0,0,1
8,3195,4,13975,0,3,1
5,2396,15,16887,0,2,1
1,2608,15,18604,0,2,1
3,3103,8,14778,0,1,1
9,2766,9,14447,0,3,1
3,2606,8,15569,0,2,1
4,2706,2,13254,0,0,1
3,2858,10,18232,0,0,1
9,2458,3,12357,0,0,1
4,3220,8,16893,0,0,1
10,3345,9,13127,0,3,1
4,3030,1,12999,0,2,1
5,3328,6,14931,0,1,1
1,3070,14,11949,0,0,1
6,2421,11,18872,0,2,1
10,2556,15,16650,0,2,1
10,3372,14,10672,0,1,1
9,2393,2,13590,0,2,1
2,2335,11,13624,0,3,1
9,3102,3,17904,0,0,1
4,2369,13,16221,0,3,1
1,2471,3,11165,0,0,1
4,2521,15,19602,0,2,1
1,3136,13,11718,0,0,1
10,2419,9,14388,0,0,1
7,2665,7,11510,0,3,1
1,2770,6,13501,0,1,1
10,3229,2,14353,0,1,1
4,2346,4,17794,0,2,1
2,2776,13,16541,0,1,1
3,2596,14,11737,0,1,1
7,3359,5,15310,0,1,1
1,2904,2,10608,0,3,1
2,2835,12,19904,0,0,1
8,3079,5,15877,0,3,1
3,3260,15,18066,0,1,1
2,2309,11,14099,0,2,1
7,2661,8,17746,0,3,1
9,2701,8,15576,0,3,1
4,2994,11,17813,0,2,1
4,2383,6,11153,0,2,1
4,2552,2,18553,0,0,1
1,2331,3,19233,0,0,1
10,2783,1,17783,0,1,1
8,2629,7,11506,0,2,1
5,2508,6,17001,0,0,1
7,3208,7,11787,0,2,1
5,2397,14,13260,0,3,1
1,2405,5,11427,0,3,1
5,2696,11,19733,0,2,1
6,2870,1,10277,0,1,1
8,2382,13,14999,0,3,1
8,2358,4,13295,0,2,1
2,3040,6,19952,0,0,1
1,2878,9,11303,0,0,1
10,2663,4,11439,0,2,1
8,3264,5,11589,0,2,1
1,2307,9,17361,0,0,1
10,2836,7,11565,0,2,1
7,3300,15,12537,0,1,1
4,3051,12,10382,0,2,1
5,2625,3,19593,0,2,1
4,2684,8,17620,0,2,1
1,2921,13,12055,0,1,1
4,2727,9,17246,0,2,1
6,3190,4,15586,0,1,1
4,3244,15,11009,0,2,1
6,2728,13,13961,0,1,1
3,2366,6,11346,0,3,1
5,2958,11,12743,0,3,1
9,3184,11,14084,0,2,1
8,2901,10,12988,0,1,1
4,3072,8,17490,0,0,1
5,3248,4,18898,0,1,1
3,2907,12,16498,0,0,1
1,2527,14,17036,0,1,1
1,2751,7,13389,0,1,1
1,3126,9,18221,0,1,1
10,2797,15,19656,0,1,1
1,3157,6,18231,0,1,1
10,3109,13,16080,0,0,1
1,2619,3,14800,0,3,1
3,3317,15,18449,0,2,1
10,2308,3,19594,0,1,1
8,3064,3,16586,0,3,1
8,2308,10,16841,0,1,1
7,2862,4,12757,0,1,1
1,2834,13,13044,0,3,1
2,3086,15,17066,0,2,1
7,2729,15,17038,0,2,1
8,2543,12,15114,0,0,1
9,3226,6,17039,0,3,1
2,2902,3,18246,0,0,1
4,2936,8,18250,0,0,1
3,3347,5,18527,0,1,1
7,2378,9,10550,0,2,1
5,3047,14,14957,0,0,1
2,3137,6,13089,0,0,1
1,3053,8,11961,0,1,1
2,3077,6,19242,0,3,1
2,2909,13,17502,0,3,1
1,2866,9,13449,0,2,1
1,2653,8,14470,0,0,1
7,3162,10,13845,0,2,1
1,3135,8,19670,0,0,1
2,3196,15,12270,0,0,1
6,2428,6,17233,0,1,1
7,2886,4,14060,0,0,1
1,2400,11,15678,0,1,1
1,2443,1,15317,0,1,1
2,2701,1,11860,0,2,1
7,2612,1,10139,0,0,1
6,2819,2,16187,0,0,1
5,2895,4,18962,0,0,1
1,2346,8,17599,0,1,1
10,2910,6,10402,0,2,1
5,2877,11,15464,0,1,1
9,2466,12,16026,0,2,1
9,2928,6,18549,0,2,1
3,2550,3,11768,0,2,1
6,2550,10,10730,0,0,1
4,3090,11,13522,0,2,1
5,3207,2,16014,0,2,1
7,2904,5,13898,0,0,1
3,3137,4,17696,0,2,1
1,3063,14,17563,0,0,1
3,3249,6,10466,0,3,1
8,2989,9,11297,0,3,1
1,3269,10,10071,0,0,1
7,2571,15,13234,0,1,1
3,3109,13,19099,0,1,1
3,3012,8,11157,0,3,1
6,2985,10,12174,0,3,1
8,2954,4,18813,0,2,1
10,3021,8,14123,0,3,1
9,2711,5,15114,0,1,1
1,3184,6,12896,0,0,1
10,2627,3,16596,0,3,1
5,2323,13,17210,0,1,1
2,2828,12,16631,0,0,1
8,2586,15,11213,0,2,1
1,3175,13,16810,0,0,1
1,2513,11,16643,0,1,1
4,3141,14,11132,0,1,1
3,2745,15,14220,0,2,1
8,2467,13,14550,0,3,1
1,2479,4,13703,0,1,1
6,2942,14,11689,0,0,1
4,3218,3,12146,0,3,1
7,2771,7,18626,0,3,1
9,2952,15,18902,0,0,1
3,2337,14,15921,0,1,1
6,2624,12,17147,0,0,1
8,2383,10,13093,0,0,1
10,2701,14,19835,0,2,1
9,2513,11,18645,0,2,1
1,2719,4,16893,0,3,1
6,3129,5,18957,0,1,1
6,2399,15,12855,0,2,1
9,3161,11,15974,0,0,1
7,3093,6,15778,0,0,1
5,2913,11,11784,0,2,1
3,3302,7,14862,0,2,1
7,2512,11,11400,0,1,1
7,3339,4,16796,0,0,1
10,3184,11,15522,0,1,1
4,2453,10,10305,0,0,1
6,2608,4,19905,0,3,1
7,2620,1,17780,0,0,1
1,2385,2,17361,0,2,1
6,2742,11,12857,0,0,1
10,2504,14,10120,0,0,1
4,3205,3,18993,0,2,1
9,2545,12,19686,0,0,1
3,3192,12,19112,0,0,1
7,3095,13,14201,0,3,1
8,3313,11,12452,0,0,1
3,2489,13,14406,0,1,1
1,3114,3,12293,0,3,1
1,3159,12,10334,0,3,1
6,3253,12,19906,0,3,1
1,2885,3,19020,0,2,1
9,2824,8,12800,0,0,1
4,3136,2,11522,0,0,1
5,2582,4,13402,0,0,1
4,2484,15,15288,0,3,1
7,2583,9,12061,0,3,1
4,3017,10,18222,0,2,1
7,3178,5,14394,0,1,1
5,2630,5,15626,0,1,1
6,2761,4,13920,0,0,1
6,3092,11,10561,0,1,1
1,3289,6,16572,0,0,1
9,3115,6,10165,0,2,1
2,2398,7,15477,0,1,1
4,2704,7,16615,0,3,1
4,3303,1,12360,0,0,1
10,2946,15,13517,0,2,1
2,2361,5,11584,0,3,1
7,2817,7,17218,0,1,1
4,2440,2,19378,0,2,1
1,3147,2,11835,0,0,1
7,3013,9,18625,0,1,1
5,2758,3,12332,0,0,1
1,2421,9,12618,0,2,1
7,3260,5,10750,0,1,1
10,3237,2,17011,0,1,1
8,3275,1,14967,0,1,1
5,2821,7,11348,0,3,1
8,3180,9,16834,0,2,1
1,2854,1,13562,0,0,1
5,2619,8,10611,0,1,1
2,2989,11,18111,0,1,1
9,3046,14,19519,0,0,1
6,3315,10,18485,0,2,1
6,3344,14,15524,0,0,1
2,3314,9,10625,0,3,1
1,3130,4,18945,0,3,1
4,3274,2,19997,0,2,1
10,2582,14,18589,0,2,1
2,3116,9,11635,0,0,1
2,2846,4,17087,0,0,1
2,2991,3,14437,0,2,1
9,2765,5,10799,0,0,1
1,3158,14,10384,0,2,1
4,3369,15,11533,0,1,1
8,2402,3,14418,0,2,1
1,2458,14,15576,0,1,1
3,2887,14,12565,0,2,1
9,3305,9,16119,0,0,1
7,2512,6,12880,0,3,1
2,2760,14,10870,0,3,1
1,3253,4,19214,0,3,1
10,2863,8,14930,0,3,1
10,3067,8,17978,0,2,1
4,3355,12,17681,0,2,1
8,3145,3,13302,0,2,1
1,2913,13,13007,0,1,1
2,3039,3,11546,0,0,1
1,2949,6,10015,0,0,1
2,2376,2,17420,0,2,1
2,2644,4,12621,0,0,1
7,2693,12,10823,0,0,1
1,3296,6,12484,0,0,1
7,2931,11,15917,0,3,1
7,3101,14,14194,0,1,1
1,2676,4,17317,0,3,1
2,2356,13,11235,0,1,1
7,3300,10,19034,0,3,1
3,3289,8,10878,0,0,1
3,2672,5,13566,0,2,1
5,2595,8,11159,0,0,1
6,2628,12,18846,0,3,1
1,2955,7,13165,0,2,1
3,2335,4,14139,0,2,1
9,2472,5,16906,0,0,1
2,3132,2,14363,0,3,1
3,2575,7,15469,0,1,1
10,3189,4,17655,0,0,1
5,2943,1,19846,0,3,1
9,3044,9,16835,0,2,1
6,2463,1,10536,0,1,1
5,2336,4,15057,0,1,1
10,3348,2,10668,0,2,1
4,2353,13,19751,0,2,1
9,2415,4,14580,0,1,1
10,2944,14,19666,0,2,1
5,3222,12,11596,0,2,1
6,2754,11,14415,0,2,1
10,2492,4,16908,0,3,1
10,2379,9,19915,0,0,1
5,2523,8,18390,0,2,1
9,3013,15,19371,0,2,1
1,2767,10,19344,0,3,1
4,3337,13,19036,0,1,1
8,2841,7,16269,0,0,1
1,2971,12,16461,0,1,1
1,3081,7,13082,0,0,1
10,2415,8,15575,0,2,1
9,2929,7,15224,0,1,1
2,2758,1,13500,0,1,1
1,2595,6,13711,0,0,1
9,2613,1,12294,0,3,1
8,3133,11,11098,0,2,1
1,3110,2,13747,0,3,1
1,3169,7,18832,0,3,1
9,3199,10,15831,0,2,1
10,2432,4,17702,0,0,1
7,3030,7,16829,0,2,1
9,3014,1,15286,0,2,1
2,3218,1,14187,0,2,1
1,2782,14,11086,0,1,1
1,2453,12,15195,0,3,1
3,2906,2,14242,0,2,1
7,2887,10,17066,0,3,1
1,2920,5,19526,0,0,1
10,2436,15,16745,0,1,1
5,3322,11,14939,0,3,1
10,3217,3,19716,0,1,1
6,3065,10,10242,0,1,1
6,3067,5,14023,0,3,1
6,2948,5,17978,0,3,1
8,3107,13,13900,0,2,1
8,2846,3,11757,0,0,1
7,3096,12,11684,0,2,1
2,2585,6,14816,0,3,1
10,3168,5,19577,0,3,1
9,2326,6,12562,0,2,1
4,2432,7,15090,0,2,1
2,2940,11,10554,0,2,1
6,2436,5,12786,0,1,1
4,2571,12,17036,0,0,1
4,3062,1,16144,0,3,1
1,2781,15,17099,0,3,1
9,2723,15,13364,0,2,1
6,2723,4,17221,0,3,1
10,2982,15,16768,0,2,1
7,2825,9,12178,0,1,1
4,2922,14,17662,0,0,1
6,2601,15,15549,0,1,1
7,2839,2,19811,0,3,1
2,2883,11,11332,0,2,1
5,3145,13,10804,0,2,1
6,2789,10,18345,0,0,1
90,1407,10,9588,0,5,0
122,548,15,5354,0,1,0
114,2600,13,8316,0,0,1
110,1407,8,2865,0,1,0
125,1296,2,2557,1,0,1
110,2363,3,4778,1,3,1
127,783,8,9917,1,2,0
113,849,10,8641,0,3,0
114,1883,11,7451,1,1,0
96,2413,2,6568,0,2,1
102,819,14,2676,0,2,0
125,2705,10,4204,0,3,1
131,618,8,7178,0,3,1
123,1743,8,4198,1,3,0
126,2779,11,6229,0,2,1
102,2667,5,10523,1,1,1
132,1427,10,6431,1,0,1
111,1295,3,8752,1,3,0
96,1295,11,10564,0,3,0
127,1042,3,3748,0,1,1
105,926,5,10716,0,3,0
117,948,11,3764,0,1,0
128,792,15,4289,1,3,0
101,2501,1,11335,0,0,1
91,2715,11,4427,0,2,0
95,1217,9,7412,0,2,0
122,1372,4,2681,1,1,1
127,1117,1,10415,1,0,0
102,2250,10,11006,1,2,0
129,1210,2,2057,1,2,0
99,1245,4,10182,0,3,0
102,1292,8,10042,1,0,1
96,1373,4,7708,0,0,0
110,1267,10,4647,0,2,1
106,1247,6,11927,1,2,0
97,601,3,11588,1,3,0
124,1793,11,9662,0,3,1
111,636,10,9074,0,2,0
120,1313,9,11569,1,0,0
108,2324,13,3062,0,1,0
117,1611,9,4483,0,3,0
120,1329,4,4579,0,3,1
91,1889,3,6708,1,0,0
107,1208,5,5021,0,1,1
120,1737,6,4045,1,3,0
121,1783,14,3435,0,3,0
130,1716,4,8990,1,0,1
125,2375,14,3774,0,2,0
112,1501,11,7961,0,2,0
109,720,10,9836,1,2,1
91,2011,7,3109,0,2,1
99,1223,15,7916,0,0,1
120,1110,14,11132,0,1,1
131,2789,5,8595,0,0,1
106,2383,5,8027,1,3,1
126,2591,12,3816,1,1,0
92,1832,2,2609,0,2,0
106,1912,11,2686,0,3,1
93,1829,4,7369,0,2,1
125,2757,11,11064,1,3,1
123,2192,12,7210,1,0,1
113,1088,15,11529,0,0,1
96,2782,6,3196,1,3,0
123,2026,2,4851,0,0,0
127,1155,8,11525,0,3,0
96,1464,4,4765,1,2,1
117,2608,14,6826,0,0,0
116,938,13,3055,0,3,1
121,2425,1,2557,0,3,1
106,977,1,7446,1,3,0
95,2499,10,8030,1,2,1
90,822,7,5458,0,1,0
116,1704,7,8961,1,3,1
120,1198,11,2711,0,2,0
123,2185,10,5003,0,2,1
128,1220,11,5832,1,1,1
91,1918,10,8198,0,1,1
102,614,6,8978,0,2,1
120,1595,10,11196,0,2,1
108,866,8,11238,0,0,1
115,1784,1,2225,0,1,1
122,1227,4,5218,0,1,0
113,759,11,7584,1,3,0
102,1103,2,10459,0,0,0
124,1088,10,7320,1,0,1
98,675,1,6327,1,3,1
100,1095,9,5492,1,2,0
114,905,5,10571,0,2,1
95,581,3,10824,1,0,1
98,757,7,2898,1,0,0
126,529,7,9759,0,3,0
99,840,1,9331,1,2,1
109,1584,2,10897,1,1,1
131,2332,6,4640,1,1,1
129,2002,1,10222,1,2,1
106,624,5,2004,0,2,1
121,2117,7,6125,1,0,1
128,2208,2,6073,1,1,0
112,563,14,11662,0,0,1
102,1842,11,9463,1,0,0
113,1747,9,10780,1,0,0
117,1559,5,7706,1,2,0
127,2350,9,5196,0,3,1
131,524,10,9538,1,1,0
93,1412,7,11098,0,1,0
92,2596,15,2356,0,0,0
104,1052,10,5475,0,2,1
92,822,1,10634,0,3,0
98,2262,5,6931,0,1,0
121,1449,11,2699,0,0,1
129,1958,2,3845,0,0,1
125,2448,4,8862,0,1,1
96,894,11,10210,0,3,0
118,1960,5,6290,0,0,1
104,2227,12,7801,0,1,0
103,1602,8,3890,0,0,1
116,2759,4,5543,1,3,1
121,939,8,4240,1,1,0
122,1397,9,8206,1,2,0
133,2313,6,8943,0,0,0
111,2671,14,10393,0,3,1
105,2760,7,4527,1,1,0
125,1912,14,9541,0,0,0
121,1727,4,5649,0,1,1
92,2215,9,4077,0,3,1
110,1698,15,2314,1,0,1
116,1648,14,4562,0,0,0
96,1931,1,5200,0,1,1
113,1333,11,6246,1,2,1
105,1654,3,3713,0,0,1
104,924,11,8954,0,0,1
100,2749,1,9221,1,2,0
112,1922,2,11028,0,0,1
127,1824,9,11614,1,1,1
100,2148,7,5877,0,1,1
118,1042,8,11537,1,1,1
95,1638,9,4008,1,2,0
124,1221,5,8109,1,0,1
101,2039,3,5339,0,0,0
131,753,5,11942,1,2,1
91,1666,13,5330,0,2,1
108,2526,1,3985,0,2,1
124,1543,5,2023,1,1,1
114,877,9,4489,0,0,1
108,1681,6,4256,0,3,0
90,2476,3,7502,0,1,1
91,2301,3,5487,1,0,0
109,695,8,8153,0,1,1
130,2572,6,10269,0,2,1
97,716,15,6530,0,0,1
115,1154,6,6037,0,1,0
112,1468,7,8535,0,3,0
98,1076,1,4627,1,1,1
116,2299,13,2910,1,3,0
104,686,14,5954,0,2,1
118,565,6,10867,0,0,1
128,2648,15,4509,1,2,1
90,2359,3,8361,1,2,0
116,2437,6,11688,1,0,0
114,2557,2,3273,1,0,1
106,2295,11,5841,0,2,0
109,736,4,6380,1,1,1
126,2474,9,9788,0,3,1
125,1168,9,4082,0,3,1
115,2140,13,6122,1,1,0
101,2574,6,10772,1,0,0
116,2324,8,4524,0,1,1
106,848,15,3451,0,2,1
94,2169,14,4306,0,3,0
111,1072,13,7807,1,0,0
111,2616,9,6197,0,0,0
115,555,11,5580,0,1,1
115,2563,9,5252,1,0,0
95,1502,4,3156,0,0,1
102,2143,6,4232,0,2,1
124,684,7,5680,1,2,0
132,1021,7,4608,0,1,0
93,2029,11,8007,1,2,1
123,2036,12,10789,1,1,0
102,605,12,4164,1,0,1
121,736,13,8862,1,2,0
94,555,8,9633,1,0,1
95,2516,4,5926,1,3,0
122,2014,4,3310,1,2,0
129,2308,2,7625,0,3,1
116,2347,8,6134,1,1,1
126,1774,15,11685,0,2,1
91,780,14,6985,1,2,0
95,2389,6,4567,1,0,1
92,2358,1,10849,0,2,1
100,2777,9,5890,1,0,1
127,1445,3,4254,1,2,0
127,2477,9,2797,0,3,1
130,1768,1,5178,1,2,1
93,1894,9,2048,0,3,0
125,1270,8,4838,0,3,1
131,2262,6,7162,1,2,0
118,1261,1,8813,0,2,0
103,2409,12,6273,1,3,0
131,1482,8,3231,1,1,0
118,678,9,3359,0,3,0
130,1703,7,6318,0,3,1
130,1697,3,3191,1,3,1
96,2405,12,11343,0,3,0
110,2794,15,9126,1,3,0
119,1829,6,4245,0,1,0
97,877,13,10246,0,1,0
105,963,15,2842,1,2,1
120,861,8,9666,1,1,1
107,1372,1,11402,0,3,1
90,2398,7,11215,1,0,1
101,1215,5,9046,0,1,1
94,594,4,4967,0,2,0
100,1570,1,8752,0,3,0
96,2311,7,6368,1,2,1
130,653,14,10187,0,2,1
110,966,9,11003,1,2,1
118,1249,5,8528,0,0,1
116,2652,4,3045,0,3,0
93,2181,3,9890,0,1,0
104,1278,10,11392,1,0,1
132,2712,5,2321,1,3,0
95,1242,7,3276,0,3,0
132,1869,1,9703,1,3,1
130,2217,13,11341,0,3,1
132,1235,5,3489,1,3,1
124,2573,2,5047,0,2,1
97,1307,12,6110,1,3,0
95,1944,14,5909,1,0,0
116,1506,5,5131,0,2,0
106,1929,9,7502,0,0,1
113,1516,6,3677,0,0,1
108,1458,14,6543,1,1,0
94,1895,13,8541,1,3,1
130,1404,14,8169,0,2,1
112,2096,2,11118,0,1,1
109,650,1,4421,0,1,0
90,2104,13,4979,0,0,0
113,1552,11,9184,0,2,1
98,906,4,7363,0,1,0
129,2233,8,3457,1,0,0
97,986,15,6402,1,2,1
128,1166,9,9302,1,2,1
101,1236,10,6994,0,2,1
112,1581,14,7434,1,3,0
112,1834,6,5517,0,2,1
104,1240,7,7877,1,3,1
97,1056,14,8398,1,2,0
121,2585,13,4823,1,2,1
90,1068,8,2714,1,2,0
105,1901,8,4977,0,3,0
101,1434,14,4781,1,0,0
112,2146,10,2878,0,2,1
124,538,2,4160,0,2,0
130,1622,8,2081,0,1,0
111,711,5,9228,0,1,1
121,833,1,11982,0,1,1
118,2026,1,4361,1,1,1
132,2125,10,8275,1,2,1
104,1123,1,10300,0,0,0
111,1115,12,8825,1,3,1
127,1702,10,11035,1,0,0
104,2571,10,8499,0,1,1
119,2322,12,5700,0,1,1
130,2345,6,4904,1,2,1
105,2404,7,5753,1,3,0
122,2413,12,8668,0,0,0
95,1791,15,9106,0,1,0
102,1701,11,9240,1,0,0
98,1864,9,8055,0,1,1
129,1282,6,3526,1,3,0
128,2588,6,3262,1,3,1
129,1425,2,11248,0,1,0
109,1865,11,3610,1,0,0
112,2258,5,3550,0,2,1
90,2291,8,11455,1,1,0
128,697,15,4718,1,0,0
122,1184,11,5414,1,0,1
108,964,8,10495,1,3,1
129,1306,1,8888,0,2,1
123,1372,15,11245,1,0,0
98,1640,4,9134,1,2,1
101,1117,12,4366,0,0,1
132,1135,12,9454,1,2,0
131,2722,1,9301,1,3,1
95,1201,2,10489,0,2,0
101,2190,1,2803,0,2,0
114,1406,13,3172,1,2,1
97,2604,3,7123,0,0,1
130,942,13,5694,1,3,0
99,2706,14,7054,1,0,0
129,1838,8,10478,0,0,0
110,1795,8,6969,0,2,1
93,665,2,9535,1,2,0
104,1856,2,6148,0,0,1
123,2719,9,4250,0,0,0
119,2608,10,8879,0,2,1
91,1672,7,3183,1,3,0
97,1489,11,6577,0,0,1
114,2745,5,10112,0,0,1
90,1105,3,7438,0,0,0
121,1055,1,3701,1,2,0
127,630,14,8032,1,0,1
118,983,7,8328,0,3,0
116,882,11,9580,0,0,0
91,543,5,11636,1,3,1
114,2372,12,2600,0,0,0
97,1465,6,6292,0,0,0
94,1487,10,9411,0,3,1
129,1649,3,8340,0,1,0
114,1581,9,3532,1,1,1
95,825,12,8027,0,3,1
133,2679,8,2834,0,2,0
97,1187,3,3812,0,0,1
97,1287,14,3047,0,3,0
131,1259,1,4480,1,2,0
106,1576,3,3003,1,3,1
93,1545,4,6977,1,1,1
112,517,6,7697,1,2,0
106,981,7,3705,1,1,1
105,1261,14,7958,0,2,0
100,1480,4,11918,1,2,1
114,582,14,6343,0,3,0
124,511,13,3849,0,0,1
122,2436,7,11030,1,3,1
90,2115,5,10602,0,3,0
96,2107,9,10603,0,0,1
120,1009,2,5498,0,0,0
95,1459,12,11828,0,3,0
102,2164,4,7051,1,2,1
96,1045,10,6167,0,0,1
133,1300,9,10053,0,3,0
94,863,8,3310,1,3,0
122,2514,6,5232,0,3,1
122,1961,15,6519,0,1,1
123,1762,5,2702,0,1,0
90,1590,3,7101,0,0,0
91,1894,4,10512,0,1,0
104,749,4,4159,0,1,0
129,2122,5,6063,1,3,0
127,2457,2,7750,1,3,0
116,2680,10,4832,0,1,1
101,1746,14,10407,1,2,0
108,2333,12,11238,0,1,0
133,2184,4,10369,1,2,1
111,1822,13,9084,1,3,1
127,642,4,3152,0,0,0
122,1836,4,7293,0,1,0
124,2246,7,3615,1,0,0
110,2489,12,3833,1,3,1
102,1395,11,2133,1,1,0
107,555,9,5322,1,1,1
99,647,15,11050,0,1,1
132,1176,12,9793,1,0,0
91,1671,9,5272,1,3,1
95,589,9,3231,1,0,0
110,770,7,3371,0,2,1
120,569,11,11598,0,2,0
124,2377,12,6853,0,1,1
93,777,12,5927,0,0,0
127,2585,4,6373,1,3,0
101,1428,15,6613,1,2,1
103,678,1,7919,1,3,0
125,1994,2,3860,1,3,1
125,1367,13,6401,1,2,1
125,1652,2,2901,0,1,1
115,1312,8,9575,0,2,1
101,518,7,3475,0,1,1
125,815,11,5529,1,3,0
105,1609,6,9181,0,0,1
125,2699,10,9447,0,1,1
126,1805,11,2760,1,3,1
132,2407,11,5943,0,0,0
109,672,2,4849,1,2,1
97,2369,10,2480,0,2,0
112,2505,10,3798,1,3,0
130,2486,7,4558,1,3,1
101,2068,7,6644,1,1,1
95,2282,14,10040,0,2,0
105,1622,7,10399,1,2,0
132,1934,14,11338,1,3,0
106,1878,4,11950,1,2,0
124,611,4,10816,1,0,0
110,1041,14,3656,0,1,0
130,2688,13,4060,0,2,0
126,1359,6,9969,1,0,1
114,933,8,11365,0,2,0
126,1346,15,10408,0,0,1
132,2004,10,9830,1,1,1
131,694,6,9244,1,1,0
132,517,6,9380,0,2,1
131,765,6,7778,0,1,0
94,2645,13,11027,1,1,0
110,1143,10,3585,0,3,1
92,1007,1,4290,0,0,1
110,2546,3,5552,0,2,0
96,2087,6,6512,1,3,1
94,1619,8,11136,0,1,1
130,645,15,9230,1,0,1
127,866,6,10067,1,1,0
122,2555,14,9622,0,0,1
131,2645,1,6691,0,2,0
124,2343,1,3616,0,0,0
124,1405,4,3408,1,2,0
132,2176,14,8679,0,3,0
111,1330,8,2883,0,2,0
132,2279,6,4594,1,1,0
120,2500,15,8270,1,2,1
121,2564,11,7567,1,3,1
101,1973,12,6001,1,1,1
127,2367,3,2547,1,1,1
104,1331,6,9218,0,1,1
108,914,12,3035,1,3,0
110,1191,2,5243,1,3,1
112,1590,7,2525,0,0,1
95,2661,1,6909,0,1,1
95,812,9,4613,0,0,0
98,2087,5,11132,1,1,0
133,1628,11,10048,1,2,1
95,1410,7,3125,0,0,0
106,645,11,4692,1,0,0
119,1507,4,11286,0,2,0
98,2200,8,7620,1,0,0
91,876,13,4287,0,0,1
93,1370,5,3687,0,0,1
129,1605,13,5082,0,2,1
130,2402,8,11409,1,0,0
90,2027,6,11626,1,1,1
91,1122,5,8699,1,0,0
105,2011,12,7794,1,0,1
110,1671,13,5971,0,1,1
122,1068,2,6231,0,3,1
121,1190,6,8846,0,3,0
124,2394,6,5964,1,0,1
91,2288,4,11877,0,0,1
98,1153,13,6134,1,0,0
122,2221,10,2224,0,3,0
133,1215,6,11043,1,3,1
101,1528,8,10642,0,2,1
114,649,9,8673,1,0,1
90,1764,1,11930,0,2,0
110,1910,15,9879,0,2,0
131,1529,11,11815,0,0,1
99,980,12,7289,1,2,1
127,1117,12,6646,0,2,1
115,2643,12,8083,0,2,0
93,1003,3,3059,1,3,0
100,2339,11,6741,0,0,0
96,1020,6,2709,1,1,1
112,1456,11,6960,1,3,0
133,1074,2,7270,1,3,1
103,2170,14,10688,1,2,1
122,2132,4,4824,0,1,0
110,2751,14,2973,1,2,1
131,1484,11,2582,1,2,1
118,1558,12,2346,1,0,1
113,1707,8,9977,0,2,1
90,1817,10,4050,1,3,1
95,2673,8,9344,0,0,1
100,900,6,3090,0,2,0
104,1399,13,5162,1,2,1
118,1140,13,4570,1,1,1
115,2520,3,10612,0,1,1
90,1835,4,10640,1,2,0
115,1182,15,5036,1,0,0
103,2301,15,9782,1,3,1
94,2529,1,2590,0,3,1
94,1719,14,4457,1,1,1
112,2343,10,3048,0,2,0
118,1619,5,2960,0,0,1
99,1487,1,3266,0,3,0
128,2723,7,3050,1,2,1
108,2551,1,6081,0,3,1
114,1651,8,3957,0,2,0
93,2016,9,11950,1,1,1
94,1793,8,11633,1,2,1
126,1823,1,2041,0,2,1
100,2229,7,9486,1,0,0
111,2775,15,10450,0,1,0
102,1089,7,3253,0,1,1
120,2373,10,3910,1,3,1
123,1862,8,10361,0,3,1
132,2568,7,8489,0,0,0
103,2075,10,10730,0,0,0
91,1291,11,9198,0,2,0
131,2024,3,3948,0,3,1
130,2374,3,4741,0,3,0
123,960,7,2431,1,1,0
102,1065,7,6983,1,1,1
97,1482,7,8225,0,1,0
93,566,12,10102,0,2,1
131,2104,8,10055,0,3,1
107,1642,12,3351,0,2,0
105,1963,5,3207,0,2,0
127,801,3,2925,1,2,0
99,1713,9,3356,1,0,0
120,902,8,5550,0,1,0
95,1621,13,4016,0,0,1
111,2303,6,8141,0,2,0
106,2601,1,10351,0,3,1
121,2749,8,6041,1,0,1
130,729,11,4602,1,1,0
96,515,10,8942,0,3,0
121,2337,14,2793,1,3,1
106,1551,15,3199,1,2,1
120,1575,9,3511,1,0,1
103,1327,1,10776,1,2,0
124,1663,2,6258,0,2,0
110,1817,15,7012,1,0,1
108,792,5,11535,1,0,0
114,2676,2,4804,0,2,0
133,967,3,10448,1,1,0
97,1888,10,11810,1,1,0
119,2682,7,7542,0,3,0
112,1801,12,10920,1,1,1
133,615,4,3998,0,1,1
119,2272,6,3380,1,2,0
112,1806,12,8666,1,1,1
103,1026,13,11848,1,2,1
96,1569,14,9226,1,0,0
91,1528,6,10270,1,3,0
106,866,5,11862,0,3,0
117,2092,1,2057,1,3,1
127,1596,14,11707,0,1,0
131,2593,6,5719,0,2,0
102,1619,11,4249,1,2,1
98,2023,12,11305,1,3,0
122,1024,13,8385,1,1,0
123,1070,6,5304,1,2,0
109,1244,14,3521,1,1,0
111,992,2,10173,0,2,1
125,1123,6,10542,0,0,0
99,579,15,8682,1,0,0
99,1321,6,8831,1,2,0
130,2395,14,4927,0,3,1
97,1073,5,11851,1,2,0
133,2001,8,11599,1,1,1
107,1794,1,9061,1,2,1
104,623,7,4793,0,2,0
109,1632,4,5535,0,2,0
125,1937,1,4751,1,1,1
92,1191,6,2081,1,3,1
125,2308,8,6908,1,0,0
118,2343,7,7640,0,3,1
118,548,8,11756,0,2,1
119,1734,1,11604,0,1,0
113,718,11,2047,0,2,0
116,2521,13,5049,1,1,0
121,779,6,11967,1,2,0
107,2358,4,10921,1,3,0
92,2151,4,5139,1,0,0
104,1165,5,2144,1,1,0
97,2329,13,11029,1,0,0
122,1181,7,11419,1,3,0
117,2302,9,3110,1,0,0
123,1515,14,5882,1,3,0
99,1229,10,11417,1,1,0
119,847,3,5789,1,1,0
95,669,8,10207,1,3,0
105,2688,1,2749,1,2,0
104,2081,7,7492,1,0,0
113,2049,9,2415,1,2,0
121,1106,13,9533,1,0,0
90,613,1,8259,1,2,0
98,1667,3,5641,1,2,0
122,1721,13,9847,1,3,0
106,926,2,3678,1,3,0
93,2166,2,9216,1,2,0
116,2651,13,11967,1,0,0
105,1065,8,7643,1,2,0
108,2652,15,4805,1,2,0
104,807,10,3008,1,0,0
123,837,2,6252,1,3,0
107,1281,11,2219,1,1,0
117,2799,7,9295,1,3,0
131,1053,10,3127,1,1,0
110,2753,8,11767,1,3,0
110,2682,13,11667,1,1,0
130,2091,9,2120,1,3,0
98,1976,11,10165,1,2,0
111,1630,5,6909,1,3,0
115,1858,4,5378,1,1,0
97,2188,9,2510,1,3,0
103,1033,13,10575,1,0,0
118,2607,8,2185,1,3,0
90,768,7,4292,1,3,0
111,1860,6,2615,1,0,0
92,1995,13,7390,1,0,0
127,742,10,4346,1,3,0
104,1422,14,11320,1,0,0
94,743,3,10680,1,0,0
121,1698,8,7993,1,3,0
128,2705,2,6053,1,0,0
131,978,11,8346,1,0,0
100,2384,11,8904,1,1,0
110,2052,14,9819,1,1,0
131,2249,15,3130,1,3,0
99,2157,11,7580,1,0,0
110,979,12,11309,1,3,0
129,2240,12,7759,1,0,0
117,1864,8,2489,1,3,0
120,2103,13,2572,1,2,0
91,840,7,5660,1,0,0
123,2145,8,6739,1,0,0
118,1835,9,5377,1,3,0
112,746,10,3783,1,1,0
118,2135,12,4987,1,1,0
93,2059,7,5218,1,0,0
114,786,10,11302,1,0,0
116,1478,4,7300,1,3,0
114,2408,9,11227,1,0,0
96,2275,12,5188,1,1,0
111,1506,1,7277,1,3,0
97,1504,12,4335,1,1,0
124,1392,1,10642,1,2,0
126,1279,1,2462,1,0,0
103,1114,10,5637,1,0,0
90,2161,7,4862,1,1,0
108,722,2,4877,1,1,0
128,2065,4,4096,1,2,0
94,2192,10,7863,1,1,0
130,1207,7,4996,1,2,0
127,2042,6,11625,1,1,0
115,838,9,9589,1,3,0
103,1443,10,8310,1,2,0
95,1405,13,11432,1,3,0
121,2583,7,2979,1,1,0
97,2054,1,8176,1,1,0
91,1678,8,6723,1,2,0
124,1477,5,9916,1,0,0
102,2765,10,11891,1,1,0
115,923,7,5350,1,3,0
91,2770,15,3448,1,3,0
115,1766,8,3199,1,2,0
130,1991,9,7550,1,0,0
122,658,7,6353,1,2,0
102,2728,1,7766,1,3,0
130,969,10,10584,1,3,0
130,1593,10,3649,1,2,0
109,703,10,2555,1,1,0
128,553,9,6059,1,2,0
97,725,6,11696,1,2,0
95,1680,2,4738,1,1,0
132,2436,11,6730,1,3,0
101,2397,12,10090,1,0,0
131,1447,1,10588,1,1,0
114,2469,5,3469,1,0,0
127,1408,12,4662,1,1,0
122,1586,15,2382,1,3,0
111,2013,11,5720,1,0,0
94,1004,12,2969,1,0,0
101,2354,12,11674,1,1,0
116,1461,10,4584,1,0,0
133,2758,8,11869,1,3,0
107,2014,6,9988,1,1,0
117,1074,10,2535,1,3,0
95,1874,11,11186,1,0,0
95,1810,4,3473,1,3,0
96,1450,12,4615,1,0,0
128,1932,8,8360,1,1,0
115,1940,3,5127,1,1,0
124,953,14,4597,1,1,0
112,1698,1,4165,1,3,0
100,1840,2,4685,1,0,0
108,1495,12,10409,1,3,0
104,2615,10,6731,1,2,0
103,2327,9,5863,1,0,0
125,1616,10,11540,1,1,0
94,1064,6,7003,1,1,0
90,2639,11,2295,1,1,0
92,967,8,9378,1,2,0
129,1746,15,2914,1,1,0
119,1852,3,8641,1,1,0
121,2446,12,6681,1,3,0
127,2626,7,7104,1,2,0
101,2490,6,6613,1,2,0
111,794,12,3631,1,1,0
91,1532,2,6294,1,1,0
114,2191,12,7542,1,3,0
117,2298,14,2204,1,1,0
99,2327,4,5218,1,1,0
123,995,13,4392,1,3,0
115,1600,1,7101,1,3,0
116,1162,2,9995,1,3,0
114,808,14,9511,1,3,0
119,705,3,9531,1,0,0
93,1121,4,3589,1,1,0
128,909,3,10994,1,1,0
112,2040,1,10647,1,1,0
100,536,6,4256,1,0,0
126,1406,7,4377,1,2,0
95,1688,14,4749,1,3,0
131,2583,1,6394,1,3,0
126,1377,1,9741,1,1,0
132,1364,7,7165,1,1,0
118,2093,12,8704,1,0,0
92,615,12,10722,1,3,0
128,1532,15,5807,1,2,0
116,2248,7,8254,1,3,0
129,1901,14,8021,1,1,0
129,2131,1,8247,1,1,0
125,1547,15,3758,1,3,0
100,740,15,5877,1,3,0
130,946,9,10473,1,0,0
97,1026,4,6958,1,2,0
105,1290,9,11606,1,1,0
105,948,8,11957,1,1,0
106,2089,14,4689,1,1,0
122,1531,11,3756,1,0,0
118,1475,8,3760,1,0,0
114,1840,2,5206,1,3,0
101,2570,4,7563,1,1,0
103,1344,4,10959,1,1,0
127,798,7,4933,1,0,0
119,608,3,3339,1,3,0
127,2041,6,3866,1,1,0
129,691,9,5918,1,0,0
105,1011,15,5885,1,2,0
124,1148,2,11753,1,1,0
103,1811,2,7013,1,0,0
130,1622,7,3718,1,0,0
94,913,2,4839,1,3,0
97,1242,7,3665,1,3,0
91,2628,15,11387,1,1,0
109,1376,15,5021,1,0,0
93,2176,11,4469,1,1,0
104,1406,6,8077,1,0,0
127,2205,11,3678,1,1,0
104,546,5,11258,1,2,0
101,2247,10,9981,1,1,0
95,847,8,10498,1,1,0
95,2273,9,10540,1,0,0
90,2059,4,4208,1,2,0
105,1702,3,3682,1,1,0
131,1081,4,2039,1,3,0
98,1544,5,3392,1,2,0
96,1067,1,4857,1,2,0
123,585,5,11313,1,2,0
133,2279,1,6694,1,2,0
123,1530,8,8690,1,0,0
130,2365,9,5397,1,3,0
121,2568,14,10234,1,3,0
102,2141,15,3091,1,2,0
116,2080,9,10849,1,2,0
120,849,1,11915,1,3,0
128,2602,1,2035,1,3,0
117,601,1,5413,1,1,0
94,959,13,3638,1,0,0
102,2735,10,5192,1,3,0
98,1042,2,8681,1,2,0
106,2743,1,3744,1,0,0
103,2737,8,3411,1,3,0
105,653,10,3242,1,1,0
124,2254,1,10936,1,1,0
128,2351,14,8449,1,2,0
116,2639,13,9603,1,2,0
96,2562,10,5011,1,1,0
117,2464,2,2313,1,2,0
119,1683,10,4903,1,3,0
123,2033,7,2025,1,2,0
116,2553,12,5745,1,2,0
114,629,9,7941,1,2,0
110,2178,14,8441,1,0,0
111,2281,1,10485,1,3,0
124,1483,13,4815,1,3,0
122,720,1,7395,1,3,0
112,1636,5,2359,1,3,0
120,790,14,6267,1,2,0
131,1995,9,8590,1,0,0
108,2112,3,8040,1,1,0
132,2488,6,8105,1,3,0
116,774,11,10623,1,1,0
110,2458,3,10317,1,2,0
118,2689,15,9914,1,2,0
131,1513,6,7561,1,1,0
116,1006,12,11309,1,0,0
133,2676,15,3844,1,1,0
131,952,11,3427,1,0,0
116,2426,9,3970,1,0,0
132,2179,15,5583,1,2,0
129,934,9,3934,1,3,0
109,2258,10,5915,1,0,0
94,2583,8,8410,1,3,0
106,2515,7,4276,1,3,0
104,1129,14,2838,1,1,0
116,1748,15,7138,1,2,0
104,574,5,4991,1,1,0
114,864,5,5523,1,3,0
131,1309,5,8131,1,2,0
124,934,3,3315,1,3,0
103,1613,4,3492,1,3,0
121,2342,4,9339,1,2,0
117,600,11,7917,1,2,0
98,2530,15,8548,1,0,0
133,917,7,7263,1,3,0
130,1527,10,3449,1,2,0
122,1315,12,9975,1,3,0
110,2213,6,8356,1,3,0
128,2419,11,7955,1,1,0
109,1571,2,5314,1,1,0
118,576,7,4224,1,0,0
116,2514,4,11543,1,3,0
97,1913,4,6525,1,2,0
129,1552,8,2377,1,0,0
101,1299,10,2906,1,3,0
92,1016,9,4376,1,1,0
128,1269,5,10044,1,3,0
101,1576,13,10937,1,3,0
124,1253,8,3411,1,3,0
98,741,9,9837,1,3,0
113,1800,4,10295,1,0,0
92,2316,9,7894,1,1,0
94,1900,7,7483,1,0,0
101,2471,9,8005,1,1,0
115,2777,1,11715,1,0,0
110,2446,4,2758,1,3,0
95,1158,11,9269,1,1,0
124,2466,1,7614,1,3,0
113,2786,12,4205,1,3,0
112,897,8,11162,1,2,0
103,1455,8,5334,1,1,0
115,1310,9,9105,1,2,0
129,1990,10,6164,1,2,0
124,939,14,11268,1,0,0
106,541,5,9474,1,1,0
123,1855,7,8085,1,2,0
101,510,10,10287,1,2,0
119,943,11,8050,1,2,0
115,695,13,8971,1,1,0
96,1504,2,3591,1,2,0
122,810,14,2177,1,0,0
95,2305,12,9306,1,1,0
125,2164,12,2725,1,2,0
101,1717,3,7819,1,0,0
102,1356,11,4317,1,3,0
105,650,8,6744,1,0,0
124,2413,6,10626,1,0,0
126,1077,11,3579,1,2,0
111,836,4,2004,1,2,0
119,569,1,7481,1,2,0
93,2086,5,3826,1,1,0
125,1429,12,6525,1,1,0
100,1104,14,2708,1,0,0
132,1251,5,4859,1,1,0
102,554,9,4021,1,2,0
114,939,14,3274,1,2,0
116,1673,1,2256,1,0,0
94,1891,8,9168,1,2,0
93,592,1,8079,1,2,0
127,884,11,5767,1,2,0
100,1876,8,11752,1,3,0
122,560,9,11176,1,1,0
105,1343,15,10490,1,2,0
94,1276,3,10188,1,0,0
110,1589,9,7398,1,2,0
111,916,9,5962,1,0,0
94,2292,1,9772,1,0,0
107,631,9,11594,1,1,0
90,1501,15,9712,1,1,0
120,2541,15,2773,1,1,0
132,1432,7,8592,1,3,0
119,2791,8,9078,1,3,0
105,831,15,7387,1,0,0
133,2743,12,4484,1,2,0
121,1540,5,2433,1,2,0
127,928,13,9209,1,1,0
116,2422,6,8866,1,1,0
132,681,4,8545,1,2,0
131,1823,11,7567,1,3,0
129,2139,8,4496,1,3,0
117,2049,2,4128,1,2,0
110,1911,13,6447,1,3,0
94,1489,9,7797,1,3,0
128,2060,14,10741,1,2,0
115,2026,5,2946,1,2,0
119,2663,4,9104,1,1,0
106,1995,8,9807,1,1,0
106,2547,12,10866,1,3,0
126,2462,15,8040,1,3,0
128,797,6,10217,1,3,0
98,2156,13,7884,1,0,0
127,591,3,9606,1,1,0
133,2672,9,3365,1,3,0
127,2120,3,7618,1,3,0
122,905,6,10282,1,0,0
123,2780,1,4027,1,3,0
107,1896,10,10465,1,3,0
117,2798,12,4627,1,2,0
115,579,4,10345,1,3,0
94,903,1,4296,1,3,0
109,2541,1,11227,1,0,0
125,519,3,6362,1,0,0
122,2207,3,10757,1,0,0
130,2358,1,11026,1,1,0
111,850,4,11371,1,2,0
100,2706,3,4798,1,3,0
117,1514,1,3642,1,0,0
131,2362,13,2269,1,2,0
96,1932,5,8461,1,2,0
96,1794,7,8620,1,0,0
111,2302,2,11601,1,2,0
96,1748,14,5104,1,1,0
96,805,3,7847,1,3,0
132,1167,8,11202,1,0,0
120,2171,1,3613,1,3,0
111,769,10,11814,1,1,0
108,2727,2,7413,1,1,0
122,2521,7,2276,1,2,0
123,2335,5,7879,1,1,0
120,2580,10,9713,1,1,0
91,2358,1,9784,1,2,0
117,1387,15,10546,1,2,0
133,2067,8,2402,1,3,0
121,2768,7,2856,1,2,0
130,609,2,8449,1,0,0
92,726,13,9765,1,0,0
101,2331,1,8075,1,3,0
91,2355,10,8409,1,2,0
122,1080,4,6319,1,2,0
109,2335,8,5156,1,0,0
103,1962,15,11676,1,2,0
117,809,2,4765,1,2,0
129,890,9,9950,1,2,0
105,2454,12,11803,1,0,0
124,1841,12,6710,1,2,0
94,1474,8,11480,1,1,0
113,1322,7,7972,1,1,0
122,861,3,9934,1,0,0
94,1492,6,11188,1,0,0
130,1035,4,4451,1,1,0
107,1014,12,9431,1,0,0
116,638,2,11587,1,2,0
91,2109,14,7913,1,2,0
115,727,8,5780,1,3,0
108,1820,11,3132,1,3,0
117,759,1,4589,1,3,0
109,1000,2,7995,1,1,0
95,2357,12,4804,1,0,0
97,571,4,4358,1,2,0
123,2448,4,4622,1,2,0
123,935,8,6107,1,1,0
129,1403,10,6224,1,3,0
91,2293,1,7889,1,2,0
92,771,9,2273,1,3,0
126,1305,6,4864,1,0,0
100,1662,2,2121,1,1,0
121,935,2,7151,1,2,0
102,570,9,7960,1,2,0
120,2729,2,7876,1,3,0
104,969,9,2915,1,1,0
118,2783,6,4232,1,3,0
125,1502,4,8766,1,3,0
118,1823,4,8344,1,1,0
119,1216,11,11530,1,3,0
106,575,15,9346,1,0,0
116,1330,10,3586,1,3,0
118,1663,8,2305,1,1,0
131,2218,7,3725,1,1,0
111,2494,5,5778,1,0,0
99,585,15,2835,1,2,0
101,1515,15,6110,1,3,0
101,2492,4,3873,1,2,0
117,1290,14,4292,1,2,0
95,2106,10,3407,1,3,0
113,1757,14,3740,1,1,0
103,1902,7,6996,1,0,0
97,2303,5,8553,1,1,0
102,1688,3,5887,1,0,0
91,1477,6,2189,1,0,0
98,2378,2,2689,1,2,0
96,1099,8,7566,1,1,0
97,1115,4,7754,1,3,0
102,1900,14,7924,1,2,0
125,1321,7,3593,1,1,0
92,2403,14,7617,1,3,0
119,550,11,7063,1,1,0
116,2648,4,7768,1,0,0
100,1019,5,2106,1,0,0
111,1101,14,11627,1,3,0
103,2180,2,2470,1,2,0
115,1613,11,5522,1,3,0
128,2385,6,3103,1,0,0
127,1880,14,3812,1,1,0
112,1330,8,2629,1,1,0
90,1352,4,10044,1,0,0
120,1627,11,4480,1,1,0
100,2590,1,8519,1,2,0
126,913,3,11856,1,3,0
120,2232,5,2532,1,2,0
90,1316,15,3924,1,2,0
126,2364,14,9955,1,3,0
91,811,5,11384,1,3,0
117,575,13,10778,1,1,0
132,712,2,9995,1,0,0
126,574,1,11954,1,2,0
121,831,14,8349,1,2,0
117,1904,14,11272,1,1,0
105,1300,7,4273,1,2,0
112,2090,15,10236,1,3,0
102,2118,8,7613,1,1,0
103,1608,2,8587,1,2,0
103,1671,13,4646,1,0,0
129,741,5,5270,1,0,0
122,2221,2,2257,1,3,0
112,1096,3,10696,1,2,0
108,2627,13,5967,1,1,0
133,2523,3,9864,1,1,0
132,2408,14,10605,1,1,0
124,2113,15,9972,1,1,0
117,865,5,8266,1,2,0
126,1016,3,5980,1,3,0
114,2218,5,2867,1,3,0
118,2800,3,6861,1,2,0
124,856,9,4531,1,2,0
110,1814,13,7629,1,0,0
99,860,7,11137,1,3,0
106,1090,15,6072,1,1,0
108,1631,7,8260,1,1,0
115,1788,5,7334,1,3,0
99,633,5,6114,1,3,0
100,561,4,3561,1,1,0
106,1708,6,6617,1,1,0
107,1727,14,3773,1,2,0
128,927,11,5092,1,1,0
92,1315,4,7405,1,3,0
129,2405,15,9762,1,1,0
132,1086,12,6082,1,2,0
91,1044,1,6668,1,1,0
95,1434,14,3562,1,0,0
102,2720,9,6144,1,0,0
117,2479,5,2957,1,2,0
106,2145,6,5573,1,0,0
100,1876,1,6907,1,1,0
116,1376,2,9574,1,1,0
115,1950,2,2660,1,2,0
95,2044,10,2915,1,3,0
108,886,13,7596,1,0,0
109,1534,8,8499,1,1,0
132,1019,15,6080,1,0,0
129,1804,4,5593,1,2,0
117,1573,10,11599,1,0,0
95,2286,11,11234,1,2,0
131,2244,10,6330,1,2,0
132,1473,7,9779,1,0,0
122,891,9,6523,1,0,0
119,623,15,6900,1,2,0
114,1756,5,8301,1,1,0
131,1094,2,10056,1,0,0
94,1096,4,10260,1,0,0